Article,Title,Microbe,Topic,Animal,Authors,Book_Editors,Source_Title,Publication_Month,Publication_Year,Volume,Issue,Special_Issue,Beginning_Page,Ending_Page,Article_Number,DOI,Total_Citations,Average_per_Year,1901,1902,1903,1904,1905,1906,1907,1908,1909,1910,1911,1912,1913,1914,1915,1916,1917,1918,1919,1920,1921,1922,1923,1924,1925,1926,1927,1928,1929,1930,1931,1932,1933,1934,1935,1936,1937,1938,1939,1940,1941,1942,1943,1944,1945,1946,1947,1948,1949,1950,1951,1952,1953,1954,1955,1956,1957,1958,1959,1960,1961,1962,1963,1964,1965,1966,1967,1968,1969,1970,1971,1972,1973,1974,1975,1976,1977,1978,1979,1980,1981,1982,1983,1984,1985,1986,1987,1988,1989,1990,1991,1992,1993,1994,1995,1996,1997,1998,1999,2000,2001,2002,2003,2004,2005,2006,2007,2008,2009,2010,2011,2012,2013,2014,2015,2016,2017,2018,2019
1,snake venom in relation to h ae emolysis bacteriolysis and toxicity ,bacteria,antimicrobial,Snake,flexner s noguchi h,,journal of experimental medicine,,1901,6,3,YRS 1901/5,277,301,,,77,0.65,0,0,1,0,0,1,0,0,0,1,0,1,0,0,0,0,1,0,0,0,1,0,1,0,0,0,1,0,0,2,0,1,0,0,0,0,1,0,0,1,1,0,0,0,0,0,0,0,0,0,0,0,0,1,0,0,0,0,0,0,1,0,1,0,1,1,0,0,1,2,2,1,1,1,1,4,1,3,0,3,3,2,2,3,0,1,1,1,0,1,1,0,0,0,0,0,0,0,0,1,1,1,2,1,0,2,3,2,0,1,0,0,1,1,2,0,4,0,1
4,absorption of bacteria toxins and snake venoms from the tissues importance of the lymphatic circulation,bacteria,biochemistry,Snake,barnes jm trueta j,,lancet,,1941,1,,,623,626,,,109,1.38,0,0,0,0,0,0,0,0,0,0,0,0,0,0,0,0,0,0,0,0,0,0,0,0,0,0,0,0,0,0,0,0,0,0,0,0,0,0,0,0,2,2,6,5,5,2,2,0,2,1,1,3,1,1,1,0,2,1,0,1,4,1,1,2,2,1,1,3,3,0,1,1,3,1,5,1,2,0,2,1,2,2,0,1,1,1,2,0,0,1,2,0,2,1,1,0,2,1,0,0,2,0,1,0,2,4,0,0,0,0,1,1,2,2,0,0,1,1,0
5,on the mechanism of invasion 2 proinvasin i an enzyme in pathogenic bacteria and in venoms,bacteria,biochemistry,Snake,haas e,,journal of biological chemistry,,1946,163,1,,89,99,,,30,0.41,0,0,0,0,0,0,0,0,0,0,0,0,0,0,0,0,0,0,0,0,0,0,0,0,0,0,0,0,0,0,0,0,0,0,0,0,0,0,0,0,0,0,0,0,0,1,5,4,6,5,2,1,2,2,1,0,0,0,0,0,0,0,0,0,0,0,0,0,0,0,0,0,0,0,0,0,1,0,0,0,0,0,0,0,0,0,0,0,0,0,0,0,0,0,0,0,0,0,0,0,0,0,0,0,0,0,0,0,0,0,0,0,0,0,0,0,0,0,0
6,bactericidal activity of crotalus venom invitro,bacteria,antimicrobial,Snake,glaser hsr,,copeia,,1948,,4,,245,247,,,12,0.17,0,0,0,0,0,0,0,0,0,0,0,0,0,0,0,0,0,0,0,0,0,0,0,0,0,0,0,0,0,0,0,0,0,0,0,0,0,0,0,0,0,0,0,0,0,0,0,0,0,0,0,0,0,0,0,0,0,0,0,0,0,0,0,0,1,0,0,0,0,0,0,0,0,0,0,0,0,0,0,0,0,0,0,0,0,0,0,0,0,0,0,0,0,0,0,0,0,0,0,1,0,0,0,0,0,0,1,0,0,0,1,1,1,1,0,0,3,1,1
7,cytochemical mechanisms of penicillin action 5 comparative effects of ribonuclease cobra venom and penicillin on susceptible bacteria,bacteria,antimicrobial,Snake,dufrenoy j pratt r,,journal of bacteriology,,1948,55,4,,525,530,,,9,0.13,0,0,0,0,0,0,0,0,0,0,0,0,0,0,0,0,0,0,0,0,0,0,0,0,0,0,0,0,0,0,0,0,0,0,0,0,0,0,0,0,0,0,0,0,0,0,0,3,2,0,1,0,1,0,0,0,0,0,0,0,0,0,0,0,0,0,0,0,0,0,0,0,0,0,0,0,0,0,0,0,0,0,0,0,0,0,0,0,0,0,0,0,0,0,0,0,0,0,0,0,0,0,0,0,0,0,0,0,0,1,0,0,0,0,1,0,0,0,0
8,protective action of venoms containing phosphatidase a against certain bacterial exotoxins,bacteria,antimicrobial,Snake,north ea doery hm,,nature,,1958,182,4646,,1374,1375,,10.1038/1821374b0,9,0.15,0,0,0,0,0,0,0,0,0,0,0,0,0,0,0,0,0,0,0,0,0,0,0,0,0,0,0,0,0,0,0,0,0,0,0,0,0,0,0,0,0,0,0,0,0,0,0,0,0,0,0,0,0,0,0,0,0,0,0,2,3,1,0,2,1,0,0,0,0,0,0,0,0,0,0,0,0,0,0,0,0,0,0,0,0,0,0,0,0,0,0,0,0,0,0,0,0,0,0,0,0,0,0,0,0,0,0,0,0,0,0,0,0,0,0,0,0,0,0
9,factors involved in the action of venoms against bacterial toxins in experimental animals,bacteria,antimicrobial,Snake,doery hm north ea,,british journal of experimental pathology,,1960,41,3,,243,250,,,10,0.17,0,0,0,0,0,0,0,0,0,0,0,0,0,0,0,0,0,0,0,0,0,0,0,0,0,0,0,0,0,0,0,0,0,0,0,0,0,0,0,0,0,0,0,0,0,0,0,0,0,0,0,0,0,0,0,0,0,0,0,1,4,1,3,0,1,0,0,0,0,0,0,0,0,0,0,0,0,0,0,0,0,0,0,0,0,0,0,0,0,0,0,0,0,0,0,0,0,0,0,0,0,0,0,0,0,0,0,0,0,0,0,0,0,0,0,0,0,0,0
17,oxidative deamination of sulfur amino acids by bacterial and snake venom l amino acid oxidase,bacteria,biochemistry,Snake,chen s walgate jh duerre ja,,archives of biochemistry and biophysics,,1971,146,1,,54,,,10.1016/S0003-9861(71)80040-1,30,0.61,0,0,0,0,0,0,0,0,0,0,0,0,0,0,0,0,0,0,0,0,0,0,0,0,0,0,0,0,0,0,0,0,0,0,0,0,0,0,0,0,0,0,0,0,0,0,0,0,0,0,0,0,0,0,0,0,0,0,0,0,0,0,0,0,0,0,0,0,0,0,0,1,2,1,2,0,0,0,0,0,2,3,3,0,1,0,0,0,4,0,0,0,0,1,0,0,1,0,0,1,3,0,0,1,0,0,0,1,0,1,0,0,0,2,0,0,0,0,0
23,bacteria associated with venom in puff adders,bacteria,symbiosis,Snake,hattingh j williams c beissner i,,south african journal of science,,1979,75,4,,189,190,,,1,0.02,0,0,0,0,0,0,0,0,0,0,0,0,0,0,0,0,0,0,0,0,0,0,0,0,0,0,0,0,0,0,0,0,0,0,0,0,0,0,0,0,0,0,0,0,0,0,0,0,0,0,0,0,0,0,0,0,0,0,0,0,0,0,0,0,0,0,0,0,0,0,0,0,0,0,0,0,0,0,1,0,0,0,0,0,0,0,0,0,0,0,0,0,0,0,0,0,0,0,0,0,0,0,0,0,0,0,0,0,0,0,0,0,0,0,0,0,0,0,0
24,bacteriology of rattlesnake venom and implications for therapy,bacteria,symbiosis,Snake,goldstein ejc citron dm gonzalez h russell fe finegold sm,,journal of infectious diseases,,1979,140,5,,818,821,,10.1093/infdis/140.5.818,59,1.44,0,0,0,0,0,0,0,0,0,0,0,0,0,0,0,0,0,0,0,0,0,0,0,0,0,0,0,0,0,0,0,0,0,0,0,0,0,0,0,0,0,0,0,0,0,0,0,0,0,0,0,0,0,0,0,0,0,0,0,0,0,0,0,0,0,0,0,0,0,0,0,0,0,0,0,0,0,0,0,0,2,0,1,1,1,0,0,0,2,3,1,0,0,1,0,1,4,2,1,0,1,4,0,2,3,3,2,0,3,3,6,2,3,0,3,1,0,2,1
25,detoxification by persimmon tannin of snake venoms and bacterial toxins,bacteria,biochemistry,Snake,okonogi t hattori z ogiso a mitsui s,,toxicon,,1979,17,5,,524,527,,10.1016/0041-0101(79)90287-3,51,1.24,0,0,0,0,0,0,0,0,0,0,0,0,0,0,0,0,0,0,0,0,0,0,0,0,0,0,0,0,0,0,0,0,0,0,0,0,0,0,0,0,0,0,0,0,0,0,0,0,0,0,0,0,0,0,0,0,0,0,0,0,0,0,0,0,0,0,0,0,0,0,0,0,0,0,0,0,0,0,0,1,0,0,0,0,2,0,2,0,2,1,0,1,1,1,0,0,2,2,0,3,1,0,1,2,5,2,2,2,4,3,3,1,2,2,2,0,1,0,0
27,organization and role of platelet membrane phospholipids as studied with phospholipases a2 from various venoms and phospholipases c from bacterial origin,bacteria,biochemistry,Multiple,chap h perret b mauco g plantavid m laffont f simon mf dousteblazy l,,toxicon,,1982,20,1,,291,298,,10.1016/0041-0101(82)90229-X,9,0.24,0,0,0,0,0,0,0,0,0,0,0,0,0,0,0,0,0,0,0,0,0,0,0,0,0,0,0,0,0,0,0,0,0,0,0,0,0,0,0,0,0,0,0,0,0,0,0,0,0,0,0,0,0,0,0,0,0,0,0,0,0,0,0,0,0,0,0,0,0,0,0,0,0,0,0,0,0,0,0,0,0,1,1,2,0,2,1,0,0,1,0,0,0,0,0,0,1,0,0,0,0,0,0,0,0,0,0,0,0,0,0,0,0,0,0,0,0,0,0
33,interrelationships between toxins studies on the cross reactivity between bacterial or animal toxins and monoclonal antibodies to 2 jellyfish venoms,bacteria,biochemistry,Multiple,olson ce heard mg calton gj burnett jw,,toxicon,,1985,23,2,,307,316,,10.1016/0041-0101(85)90153-9,13,0.37,0,0,0,0,0,0,0,0,0,0,0,0,0,0,0,0,0,0,0,0,0,0,0,0,0,0,0,0,0,0,0,0,0,0,0,0,0,0,0,0,0,0,0,0,0,0,0,0,0,0,0,0,0,0,0,0,0,0,0,0,0,0,0,0,0,0,0,0,0,0,0,0,0,0,0,0,0,0,0,0,0,0,0,0,0,2,1,2,0,0,0,0,0,0,0,0,0,0,0,0,1,1,0,0,0,1,0,1,1,1,0,2,0,0,0,0,0,0,0
34,protein rotational diffusion measurements on the interaction of bee venom melittin with bacteriorhodopsin in lipid vesicles,bacteria,symbiosis,Bee,hu ks dufton mj morrison ieg cherry rj,,biochimica et biophysica acta,,1985,816,2,,358,364,,10.1016/0005-2736(85)90503-6,27,0.77,0,0,0,0,0,0,0,0,0,0,0,0,0,0,0,0,0,0,0,0,0,0,0,0,0,0,0,0,0,0,0,0,0,0,0,0,0,0,0,0,0,0,0,0,0,0,0,0,0,0,0,0,0,0,0,0,0,0,0,0,0,0,0,0,0,0,0,0,0,0,0,0,0,0,0,0,0,0,0,0,0,0,0,0,0,1,0,2,1,3,2,2,1,1,4,2,2,0,0,0,1,2,0,1,0,0,1,0,1,0,0,0,0,0,0,0,0,0,0
36,inactivation of human plasma serine proteinase inhibitors serpins by limited proteolysis of the reactive site loop with snake venom and bacterial metalloproteinases,bacteria,biochemistry,Snake,kress lf,,journal of cellular biochemistry,,1986,32,1,,51,58,,10.1002/jcb.240320106,45,1.32,0,0,0,0,0,0,0,0,0,0,0,0,0,0,0,0,0,0,0,0,0,0,0,0,0,0,0,0,0,0,0,0,0,0,0,0,0,0,0,0,0,0,0,0,0,0,0,0,0,0,0,0,0,0,0,0,0,0,0,0,0,0,0,0,0,0,0,0,0,0,0,0,0,0,0,0,0,0,0,0,0,0,0,0,0,0,1,2,4,4,3,4,3,5,3,0,1,4,0,3,0,0,1,1,0,0,0,2,0,0,1,0,3,0,0,0,0,0,0
38,bacterial flora of the oral cavity fangs and venom of bothrops jararaca possible source of infection at the local bite,bacteria,symbiosis,Snake,jorge mt demendonca js ribeiro la dasilva mlr kusano eju cordeiro cld,,revista do instituto de medicina tropical de sao paulo,FEB,1990,32,1,,6,10,,10.1590/S0036-46651990000100002,18,0.6,0,0,0,0,0,0,0,0,0,0,0,0,0,0,0,0,0,0,0,0,0,0,0,0,0,0,0,0,0,0,0,0,0,0,0,0,0,0,0,0,0,0,0,0,0,0,0,0,0,0,0,0,0,0,0,0,0,0,0,0,0,0,0,0,0,0,0,0,0,0,0,0,0,0,0,0,0,0,0,0,0,0,0,0,0,0,0,0,0,0,0,1,0,1,0,0,0,1,0,0,1,1,0,1,0,0,1,0,3,0,1,2,1,0,0,0,1,2,1
39,bacteriological studies of the venom and mouth cavities of wild malayan pit vipers calloselasma rhodostoma in southern thailand,bacteria,symbiosis,Snake,theakston rdg phillips re looareesuwan s echeverria p makin t warrell da,,transactions of the royal society of tropical medicine and hygiene,DEC,1990,84,6,,875,879,,10.1016/0035-9203(90)90112-R,34,1.13,0,0,0,0,0,0,0,0,0,0,0,0,0,0,0,0,0,0,0,0,0,0,0,0,0,0,0,0,0,0,0,0,0,0,0,0,0,0,0,0,0,0,0,0,0,0,0,0,0,0,0,0,0,0,0,0,0,0,0,0,0,0,0,0,0,0,0,0,0,0,0,0,0,0,0,0,0,0,0,0,0,0,0,0,0,0,0,0,0,0,0,1,0,2,0,0,1,2,1,0,1,2,1,1,1,0,0,0,2,2,3,1,2,0,4,1,3,1,2
41,a bactericidal protein in bombina variegata pachypus skin venom,bacteria,antimicrobial,Amphibian,mastromei g barberio c pistolesi s delfino g,,toxicon,,1991,29,3,,321,328,,10.1016/0041-0101(91)90285-Y,13,0.45,0,0,0,0,0,0,0,0,0,0,0,0,0,0,0,0,0,0,0,0,0,0,0,0,0,0,0,0,0,0,0,0,0,0,0,0,0,0,0,0,0,0,0,0,0,0,0,0,0,0,0,0,0,0,0,0,0,0,0,0,0,0,0,0,0,0,0,0,0,0,0,0,0,0,0,0,0,0,0,0,0,0,0,0,0,0,0,0,0,0,0,1,1,1,1,0,0,0,1,0,1,0,1,1,0,2,0,1,0,0,0,0,0,0,0,1,0,1,0
42,antibacterial activity of crotalid venoms against oral snake flora and other clinical bacteria,bacteria,antimicrobial,Snake,talan da citron dm overturf gd singer b froman p goldstein ejc,,journal of infectious diseases,JUL,1991,164,1,,195,198,,10.1093/infdis/164.1.195,39,1.34,0,0,0,0,0,0,0,0,0,0,0,0,0,0,0,0,0,0,0,0,0,0,0,0,0,0,0,0,0,0,0,0,0,0,0,0,0,0,0,0,0,0,0,0,0,0,0,0,0,0,0,0,0,0,0,0,0,0,0,0,0,0,0,0,0,0,0,0,0,0,0,0,0,0,0,0,0,0,0,0,0,0,0,0,0,0,0,0,0,0,0,0,0,1,0,0,2,0,0,1,0,1,1,0,2,2,2,0,3,1,4,1,3,5,4,0,3,3,0
44,a further study on the proteolysis of protective proteins by microbial and venom proteases,bacteria,biochemistry,Snake,kuo wn ganesan u davis dl poiter sb flanders jr jean mn,,biochemical archives,FEB,1992,8,1,,9,15,,,0,0,0,0,0,0,0,0,0,0,0,0,0,0,0,0,0,0,0,0,0,0,0,0,0,0,0,0,0,0,0,0,0,0,0,0,0,0,0,0,0,0,0,0,0,0,0,0,0,0,0,0,0,0,0,0,0,0,0,0,0,0,0,0,0,0,0,0,0,0,0,0,0,0,0,0,0,0,0,0,0,0,0,0,0,0,0,0,0,0,0,0,0,0,0,0,0,0,0,0,0,0,0,0,0,0,0,0,0,0,0,0,0,0,0,0,0,0,0,0,0
45,expression of a group ii phospholipase a 2 from the venom of agkistrodon piscivorus piscivorus in escherichia coli recovery and renaturation from bacterial inclusion bodies,bacteria,recombinant,Snake,lathrop bk burack wr biltonen rl rule gs,,protein expression and purification,DEC,1992,3,6,,512,517,,10.1016/1046-5928(92)90069-9,24,0.86,0,0,0,0,0,0,0,0,0,0,0,0,0,0,0,0,0,0,0,0,0,0,0,0,0,0,0,0,0,0,0,0,0,0,0,0,0,0,0,0,0,0,0,0,0,0,0,0,0,0,0,0,0,0,0,0,0,0,0,0,0,0,0,0,0,0,0,0,0,0,0,0,0,0,0,0,0,0,0,0,0,0,0,0,0,0,0,0,0,0,0,0,1,1,1,1,4,2,3,0,2,0,2,2,0,0,3,0,0,0,0,0,0,0,1,0,1,0,0
48,activity of cytotoxin p 4 from the venom of the cobra snake naja nigricollis on gram positive bacteria and eukaryotic cell lines,bacteria,antimicrobial,Snake,mollmann u gutsche w maltz l ovadia m,,arzneimittel forschung drug research,MAY,1997,47,5,,671,673,,,1,0.04,0,0,0,0,0,0,0,0,0,0,0,0,0,0,0,0,0,0,0,0,0,0,0,0,0,0,0,0,0,0,0,0,0,0,0,0,0,0,0,0,0,0,0,0,0,0,0,0,0,0,0,0,0,0,0,0,0,0,0,0,0,0,0,0,0,0,0,0,0,0,0,0,0,0,0,0,0,0,0,0,0,0,0,0,0,0,0,0,0,0,0,0,0,0,0,0,0,0,0,0,0,0,1,0,0,0,0,0,0,0,0,0,0,0,0,0,0,0,0
49,bactericidal activity of lys49 and asp49 myotoxic phospholipases a 2 from bothrops asper snake venom synthetic lys49 myotoxin ii 115 129 peptide identifies its bactericidal region,bacteria,antimicrobial,Snake,paramo l lomonte b pizarro cerda j bengoechea ja gorvel jp moreno e,,european journal of biochemistry,APR,1998,253,2,,452,461,,10.1046/j.1432-1327.1998.2530452.x,144,6.55,0,0,0,0,0,0,0,0,0,0,0,0,0,0,0,0,0,0,0,0,0,0,0,0,0,0,0,0,0,0,0,0,0,0,0,0,0,0,0,0,0,0,0,0,0,0,0,0,0,0,0,0,0,0,0,0,0,0,0,0,0,0,0,0,0,0,0,0,0,0,0,0,0,0,0,0,0,0,0,0,0,0,0,0,0,0,0,0,0,0,0,0,0,0,0,0,0,1,2,4,6,4,10,7,6,5,9,9,16,8,9,9,6,6,8,6,3,9,1
54,bothrops asper and bothrops jararaca snake venoms trigger microbicidal functions of peritoneal leukocytes in vivo,bacteria,antimicrobial,Snake,zamuner sr gutierrez jm muscara mn teixeira sa teixeira cfp,,toxicon,OCT,2001,39,10,,1505,1513,,10.1016/S0041-0101(01)00123-4,43,2.26,0,0,0,0,0,0,0,0,0,0,0,0,0,0,0,0,0,0,0,0,0,0,0,0,0,0,0,0,0,0,0,0,0,0,0,0,0,0,0,0,0,0,0,0,0,0,0,0,0,0,0,0,0,0,0,0,0,0,0,0,0,0,0,0,0,0,0,0,0,0,0,0,0,0,0,0,0,0,0,0,0,0,0,0,0,0,0,0,0,0,0,0,0,0,0,0,0,0,0,0,0,1,2,0,4,3,5,2,4,1,1,2,2,1,3,5,4,2,1
57,bacterial expression purification and functional characterization of a recombinant chimeric fab derived from murine mab bcf2 that neutralizes the venom of the scorpion centruroides noxius hoffmann,bacteria,recombinant,Scorpion,selisko b cosio g garcia c becerril b possani ld horjales e,,toxicon,JAN,2004,43,1,,43,51,,10.1016/j.toxicon.2003.10.015,12,0.75,0,0,0,0,0,0,0,0,0,0,0,0,0,0,0,0,0,0,0,0,0,0,0,0,0,0,0,0,0,0,0,0,0,0,0,0,0,0,0,0,0,0,0,0,0,0,0,0,0,0,0,0,0,0,0,0,0,0,0,0,0,0,0,0,0,0,0,0,0,0,0,0,0,0,0,0,0,0,0,0,0,0,0,0,0,0,0,0,0,0,0,0,0,0,0,0,0,0,0,0,0,0,0,0,1,0,1,2,1,0,3,0,0,0,2,1,0,1,0
58,bactericidal and neurotoxic activities of two myotoxic phospholipases a 2 from bothrops neuwiedi pauloensis snake venom,bacteria,antimicrobial,Snake,rodrigues vm marcussi s cambraia rs de araujo al malta neto nr hamaguchi a ferro eav homsi brandeburgo mi giglio jr soares am,,toxicon,SEP,2004,44,3,,305,314,,10.1016/j.toxicon.2004.06.008,51,3.19,0,0,0,0,0,0,0,0,0,0,0,0,0,0,0,0,0,0,0,0,0,0,0,0,0,0,0,0,0,0,0,0,0,0,0,0,0,0,0,0,0,0,0,0,0,0,0,0,0,0,0,0,0,0,0,0,0,0,0,0,0,0,0,0,0,0,0,0,0,0,0,0,0,0,0,0,0,0,0,0,0,0,0,0,0,0,0,0,0,0,0,0,0,0,0,0,0,0,0,0,0,0,0,0,1,3,4,3,2,5,2,4,3,2,7,4,5,4,2
59,cloning and identification of a complete cdna coding for a bactericidal and antitumoral acidic phospholipase a 2 from bothrops jararacussu venom,bacteria,antimicrobial,Snake,roberto patricia g kashima simone marcussi silvana pereira jose o astolfi filho spartaco nomizo auro giglio jose r fontes marcos r m soares andreimar m franca suzelei c ,,protein journal,MAY,2004,23,4,,273,285,,10.1023/B:JOPC.0000027852.92208.60,45,2.81,0,0,0,0,0,0,0,0,0,0,0,0,0,0,0,0,0,0,0,0,0,0,0,0,0,0,0,0,0,0,0,0,0,0,0,0,0,0,0,0,0,0,0,0,0,0,0,0,0,0,0,0,0,0,0,0,0,0,0,0,0,0,0,0,0,0,0,0,0,0,0,0,0,0,0,0,0,0,0,0,0,0,0,0,0,0,0,0,0,0,0,0,0,0,0,0,0,0,0,0,0,0,0,1,2,4,3,3,3,6,1,1,5,2,4,2,2,4,2
60,a synthesized cationic tetradecapeptide from hornet venom kills bacteria and neutralizes lipopolysaccharide in vivo and in vitro,bacteria,antimicrobial,Wasp,guo yb zheng j zhou g lv gf wang lx wei g lu yl,,biochemical pharmacology,JUL,2005,70,2,,209,219,,10.1016/j.bcp.2005.04.040,33,2.2,0,0,0,0,0,0,0,0,0,0,0,0,0,0,0,0,0,0,0,0,0,0,0,0,0,0,0,0,0,0,0,0,0,0,0,0,0,0,0,0,0,0,0,0,0,0,0,0,0,0,0,0,0,0,0,0,0,0,0,0,0,0,0,0,0,0,0,0,0,0,0,0,0,0,0,0,0,0,0,0,0,0,0,0,0,0,0,0,0,0,0,0,0,0,0,0,0,0,0,0,0,0,0,0,0,4,0,6,2,3,1,3,3,4,2,2,0,2,1
61,bactericidal and antiendotoxic properties of short cationic peptides derived from a snake venom lys49 phospholipase a 2 ,bacteria,antimicrobial,Snake,santamaria c larios s quiros s pizarro cerda j gorvel jp lomonte b moreno e,,antimicrobial agents and chemotherapy,APR,2005,49,4,,1340,1345,,10.1128/AAc.49.4.1340-1345.2005,44,2.93,0,0,0,0,0,0,0,0,0,0,0,0,0,0,0,0,0,0,0,0,0,0,0,0,0,0,0,0,0,0,0,0,0,0,0,0,0,0,0,0,0,0,0,0,0,0,0,0,0,0,0,0,0,0,0,0,0,0,0,0,0,0,0,0,0,0,0,0,0,0,0,0,0,0,0,0,0,0,0,0,0,0,0,0,0,0,0,0,0,0,0,0,0,0,0,0,0,0,0,0,0,0,0,0,0,1,4,3,5,3,1,2,3,5,2,4,4,4,3
62,l amino acid oxidase from vipera lebetina venom isolation characterization effects on platelets and bacteria,bacteria,antimicrobial,Snake,tonismagi kulli samel mari trummal katrin ronnholm gunilla siigur juri kalkkinen nisse siigur ene,,toxicon,AUG,2006,48,2,,227,237,,10.1016/j.toxicon.2006.05.004,49,3.5,0,0,0,0,0,0,0,0,0,0,0,0,0,0,0,0,0,0,0,0,0,0,0,0,0,0,0,0,0,0,0,0,0,0,0,0,0,0,0,0,0,0,0,0,0,0,0,0,0,0,0,0,0,0,0,0,0,0,0,0,0,0,0,0,0,0,0,0,0,0,0,0,0,0,0,0,0,0,0,0,0,0,0,0,0,0,0,0,0,0,0,0,0,0,0,0,0,0,0,0,0,0,0,0,0,0,3,2,9,3,9,4,3,7,1,1,1,3,3
64,a bactericidal homodimeric phospholipases a 2 from bungarus fasciatus venom,bacteria,antimicrobial,Snake,xu chunhua ma dongying yu haining li zongjie liang jianguo lin guoqing zhang yun lai ren,,peptides,MAY,2007,28,5,,969,973,,10.1016/j.peptides.2007.02.008,29,2.23,0,0,0,0,0,0,0,0,0,0,0,0,0,0,0,0,0,0,0,0,0,0,0,0,0,0,0,0,0,0,0,0,0,0,0,0,0,0,0,0,0,0,0,0,0,0,0,0,0,0,0,0,0,0,0,0,0,0,0,0,0,0,0,0,0,0,0,0,0,0,0,0,0,0,0,0,0,0,0,0,0,0,0,0,0,0,0,0,0,0,0,0,0,0,0,0,0,0,0,0,0,0,0,0,0,0,2,3,2,3,2,1,3,2,1,0,3,4,3
65,bacterial production of latarcin 2a a potent antimicrobial peptide from spider venom,bacteria,recombinant,Scorpion,shlyapnikov yuri m andreev yaroslav a kozlov sergey a vassilevski alexander a grishin eugene v ,,protein expression and purification,JUL,2008,60,1,,89,95,,10.1016/j.pep.2008.03.011,36,3,0,0,0,0,0,0,0,0,0,0,0,0,0,0,0,0,0,0,0,0,0,0,0,0,0,0,0,0,0,0,0,0,0,0,0,0,0,0,0,0,0,0,0,0,0,0,0,0,0,0,0,0,0,0,0,0,0,0,0,0,0,0,0,0,0,0,0,0,0,0,0,0,0,0,0,0,0,0,0,0,0,0,0,0,0,0,0,0,0,0,0,0,0,0,0,0,0,0,0,0,0,0,0,0,0,0,0,0,7,1,3,4,4,4,3,3,4,3,0
66,purification characterization and bactericidal activities of basic phospholipase a 2 from the venom of agkistrodon halys chinese pallas ,bacteria,antimicrobial,Snake,samy r perumal gopalakrishnakone r ho bow chow vincent t k ,,biochimie,SEP,2008,90,9,,1372,1388,,10.1016/j.biochi.2008.04.007,21,1.75,0,0,0,0,0,0,0,0,0,0,0,0,0,0,0,0,0,0,0,0,0,0,0,0,0,0,0,0,0,0,0,0,0,0,0,0,0,0,0,0,0,0,0,0,0,0,0,0,0,0,0,0,0,0,0,0,0,0,0,0,0,0,0,0,0,0,0,0,0,0,0,0,0,0,0,0,0,0,0,0,0,0,0,0,0,0,0,0,0,0,0,0,0,0,0,0,0,0,0,0,0,0,0,0,0,0,0,0,0,0,4,2,6,1,2,1,2,2,1
68,antibacterial activity of six novel peptides from tityus discrepans scorpion venom a fluorescent probe study of microbial membrane na permeability changes,bacteria,antimicrobial,Scorpion,diaz patricia d suze gina salazar victor sevcik carlos shannon john d sherman nicholas e fox jay w ,,toxicon,NOV,2009,54,6,,802,817,,10.1016/j.toxicon.2009.06.014,31,2.82,0,0,0,0,0,0,0,0,0,0,0,0,0,0,0,0,0,0,0,0,0,0,0,0,0,0,0,0,0,0,0,0,0,0,0,0,0,0,0,0,0,0,0,0,0,0,0,0,0,0,0,0,0,0,0,0,0,0,0,0,0,0,0,0,0,0,0,0,0,0,0,0,0,0,0,0,0,0,0,0,0,0,0,0,0,0,0,0,0,0,0,0,0,0,0,0,0,0,0,0,0,0,0,0,0,0,0,0,0,0,1,3,1,5,2,6,4,6,3
71,antibacterial and anti inflammatory effects of honeybee apis mellifera venom against acne inducing bacteria,bacteria,antimicrobial,Bee,han sangmi lee kwanggil yeo joohong baek haju park kwankyu,,journal of medicinal plants research,MAR,2010,4,6,,459,464,,,23,2.3,0,0,0,0,0,0,0,0,0,0,0,0,0,0,0,0,0,0,0,0,0,0,0,0,0,0,0,0,0,0,0,0,0,0,0,0,0,0,0,0,0,0,0,0,0,0,0,0,0,0,0,0,0,0,0,0,0,0,0,0,0,0,0,0,0,0,0,0,0,0,0,0,0,0,0,0,0,0,0,0,0,0,0,0,0,0,0,0,0,0,0,0,0,0,0,0,0,0,0,0,0,0,0,0,0,0,0,0,0,0,0,3,3,2,3,3,5,3,1
72,identification and characterization of a phospholipase a 2 from the venom of the saw scaled viper novel bactericidal and membrane damaging activities,bacteria,antimicrobial,Snake,samy ramar perumal gopalakrishnakone p bow ho puspharaj peter n chow vincent t k ,,biochimie,DEC,2010,92,12,,1854,1866,,10.1016/j.biochi.2010.07.012,29,2.9,0,0,0,0,0,0,0,0,0,0,0,0,0,0,0,0,0,0,0,0,0,0,0,0,0,0,0,0,0,0,0,0,0,0,0,0,0,0,0,0,0,0,0,0,0,0,0,0,0,0,0,0,0,0,0,0,0,0,0,0,0,0,0,0,0,0,0,0,0,0,0,0,0,0,0,0,0,0,0,0,0,0,0,0,0,0,0,0,0,0,0,0,0,0,0,0,0,0,0,0,0,0,0,0,0,0,0,0,0,0,1,2,5,5,5,2,8,1,0
75,antimicrobial proteins from snake venoms direct bacterial damage and activation of innate immunity against staphylococcus aureus skin infection,bacteria,antimicrobial,Snake,samy r p stiles b g gopalakrishnakone p chow v t k ,,current medicinal chemistry,NOV,2011,18,33,,5104,5113,,,12,1.33,0,0,0,0,0,0,0,0,0,0,0,0,0,0,0,0,0,0,0,0,0,0,0,0,0,0,0,0,0,0,0,0,0,0,0,0,0,0,0,0,0,0,0,0,0,0,0,0,0,0,0,0,0,0,0,0,0,0,0,0,0,0,0,0,0,0,0,0,0,0,0,0,0,0,0,0,0,0,0,0,0,0,0,0,0,0,0,0,0,0,0,0,0,0,0,0,0,0,0,0,0,0,0,0,0,0,0,0,0,0,0,1,1,1,1,2,3,3,0
78,misdiagnosis of spider bites bacterial associates mechanical pathogen transfer and hemolytic potential of venom from the hobo spider tegenaria agrestis araneae agelenidae ,bacteria,symbiosis,Spider,gaver wainwright melissa m zack richard s foradori matthew j lavine laura corley,,journal of medical entomology,MAR,2011,48,2,,382,388,,10.1603/ME09224,11,1.22,0,0,0,0,0,0,0,0,0,0,0,0,0,0,0,0,0,0,0,0,0,0,0,0,0,0,0,0,0,0,0,0,0,0,0,0,0,0,0,0,0,0,0,0,0,0,0,0,0,0,0,0,0,0,0,0,0,0,0,0,0,0,0,0,0,0,0,0,0,0,0,0,0,0,0,0,0,0,0,0,0,0,0,0,0,0,0,0,0,0,0,0,0,0,0,0,0,0,0,0,0,0,0,0,0,0,0,0,0,0,0,0,3,2,2,1,2,1,0
85,snake venom phospholipases a 2 a novel tool against bacterial diseases,bacteria,antimicrobial,Snake,samy r p gopalakrishnakone p stiles b g girish k s swamy s n hemshekhar m tan k s rowan e g sethi g chow v t k ,,current medicinal chemistry,DEC,2012,19,36,,6150,6162,,,21,2.63,0,0,0,0,0,0,0,0,0,0,0,0,0,0,0,0,0,0,0,0,0,0,0,0,0,0,0,0,0,0,0,0,0,0,0,0,0,0,0,0,0,0,0,0,0,0,0,0,0,0,0,0,0,0,0,0,0,0,0,0,0,0,0,0,0,0,0,0,0,0,0,0,0,0,0,0,0,0,0,0,0,0,0,0,0,0,0,0,0,0,0,0,0,0,0,0,0,0,0,0,0,0,0,0,0,0,0,0,0,0,0,0,1,5,5,3,2,3,2
86,anaerobic and aerobic bacteriology of the saliva and gingiva from 16 captive komodo dragons varanus komodoensis new implications for the bacteria as venom model,bacteria,symbiosis,Lizard,goldstein ellie j c tyrrell kerin l citron diane m cox cathleen r recchio ian m okimoto ben bryja judith fry bryan g ,,journal of zoo and wildlife medicine,JUN,2013,44,2,,262,272,,10.1638/2012-0022R.1,10,1.43,0,0,0,0,0,0,0,0,0,0,0,0,0,0,0,0,0,0,0,0,0,0,0,0,0,0,0,0,0,0,0,0,0,0,0,0,0,0,0,0,0,0,0,0,0,0,0,0,0,0,0,0,0,0,0,0,0,0,0,0,0,0,0,0,0,0,0,0,0,0,0,0,0,0,0,0,0,0,0,0,0,0,0,0,0,0,0,0,0,0,0,0,0,0,0,0,0,0,0,0,0,0,0,0,0,0,0,0,0,0,0,0,0,1,0,3,5,1,0
87,antimicrobial peptides from arachnid venoms and their microbicidal activity in the presence of commercial antibiotics,bacteria,antimicrobial,Spider,garcia francia villegas elba pavel espino solis gerardo rodriguez alexis paniagua solis jorge f sandoval lopez gabriel possani lourival d corzo gerardo,,journal of antibiotics,JAN,2013,66,1,,3,10,,10.1038/ja.2012.87,24,3.43,0,0,0,0,0,0,0,0,0,0,0,0,0,0,0,0,0,0,0,0,0,0,0,0,0,0,0,0,0,0,0,0,0,0,0,0,0,0,0,0,0,0,0,0,0,0,0,0,0,0,0,0,0,0,0,0,0,0,0,0,0,0,0,0,0,0,0,0,0,0,0,0,0,0,0,0,0,0,0,0,0,0,0,0,0,0,0,0,0,0,0,0,0,0,0,0,0,0,0,0,0,0,0,0,0,0,0,0,0,0,0,0,0,3,6,4,6,2,3
90,inhibitory activities of venom alkaloids of red imported fire ant against clavibacter michiganensis subsp michiganensis in vitro and the application of piperidine alkaloids to manage symptom development of bacterial canker on tomato in the greenhouse,bacteria,antimicrobial,Ant,li shezeng jin xixuan chen jian lu shien,,international journal of pest management,APR,2013,59,2,,150,156,,10.1080/09670874.2013.784931,1,0.14,0,0,0,0,0,0,0,0,0,0,0,0,0,0,0,0,0,0,0,0,0,0,0,0,0,0,0,0,0,0,0,0,0,0,0,0,0,0,0,0,0,0,0,0,0,0,0,0,0,0,0,0,0,0,0,0,0,0,0,0,0,0,0,0,0,0,0,0,0,0,0,0,0,0,0,0,0,0,0,0,0,0,0,0,0,0,0,0,0,0,0,0,0,0,0,0,0,0,0,0,0,0,0,0,0,0,0,0,0,0,0,0,0,0,0,0,1,0,0
91,interactions of pla 2 s from vipera lebetina vipera berus berus and naja naja oxiana venom with platelets bacterial and cancer cells,bacteria,antimicrobial,Snake,samel mari vija heiki kurvet imbi kuennis beres kai trummal katrin subbi juhan kahru anne siigur jueri,,toxins,FEB,2013,5,2,,203,223,,10.3390/toxins5020203,20,2.86,0,0,0,0,0,0,0,0,0,0,0,0,0,0,0,0,0,0,0,0,0,0,0,0,0,0,0,0,0,0,0,0,0,0,0,0,0,0,0,0,0,0,0,0,0,0,0,0,0,0,0,0,0,0,0,0,0,0,0,0,0,0,0,0,0,0,0,0,0,0,0,0,0,0,0,0,0,0,0,0,0,0,0,0,0,0,0,0,0,0,0,0,0,0,0,0,0,0,0,0,0,0,0,0,0,0,0,0,0,0,0,0,0,2,6,6,1,3,2
94,a bumblebee bombus ignitus venom serine protease inhibitor that acts as a microbial serine protease inhibitor,bacteria,antimicrobial,Bee,wan hu kim bo yeon lee kwang sik yoon hyung joo lee kyung yong jin byung rae,,comparative biochemistry and physiology b biochemistry molecular biology,JAN,2014,167,,,59,64,,10.1016/j.cbpb.2013.10.002,7,1.17,0,0,0,0,0,0,0,0,0,0,0,0,0,0,0,0,0,0,0,0,0,0,0,0,0,0,0,0,0,0,0,0,0,0,0,0,0,0,0,0,0,0,0,0,0,0,0,0,0,0,0,0,0,0,0,0,0,0,0,0,0,0,0,0,0,0,0,0,0,0,0,0,0,0,0,0,0,0,0,0,0,0,0,0,0,0,0,0,0,0,0,0,0,0,0,0,0,0,0,0,0,0,0,0,0,0,0,0,0,0,0,0,0,0,2,1,3,1,0
95,bacterial overexpression of recombinant heteroscorpine 1 rhs 1 a toxin from heterometrus laoticus scorpion venom trends for antibacterial application and antivenom production,bacteria,recombinant,Scorpion,uawonggul nunthawun sukprasert sophida incamnoi paroonkorn patramanon rina thammasirirak sompong preecharram sutthidech bunyatratchata wandee kuaprasert buabarn daduang jureerut daduang sakda,,biochemical genetics,DEC,2014,52,12-Nov,,459,473,,10.1007/s10528-014-9660-y,5,0.83,0,0,0,0,0,0,0,0,0,0,0,0,0,0,0,0,0,0,0,0,0,0,0,0,0,0,0,0,0,0,0,0,0,0,0,0,0,0,0,0,0,0,0,0,0,0,0,0,0,0,0,0,0,0,0,0,0,0,0,0,0,0,0,0,0,0,0,0,0,0,0,0,0,0,0,0,0,0,0,0,0,0,0,0,0,0,0,0,0,0,0,0,0,0,0,0,0,0,0,0,0,0,0,0,0,0,0,0,0,0,0,0,0,0,0,0,1,4,0
102,pharmacological synergism of bee venom and melittin with antibiotics and plant secondary metabolites against multi drug resistant microbial pathogens,bacteria,antimicrobial,Bee,al ani issam zimmermann stefan reichling juergen wink michael,,phytomedicine,FEB,2015,22,2,,245,255,,10.1016/j.phymed.2014.11.019,30,6,0,0,0,0,0,0,0,0,0,0,0,0,0,0,0,0,0,0,0,0,0,0,0,0,0,0,0,0,0,0,0,0,0,0,0,0,0,0,0,0,0,0,0,0,0,0,0,0,0,0,0,0,0,0,0,0,0,0,0,0,0,0,0,0,0,0,0,0,0,0,0,0,0,0,0,0,0,0,0,0,0,0,0,0,0,0,0,0,0,0,0,0,0,0,0,0,0,0,0,0,0,0,0,0,0,0,0,0,0,0,0,0,0,0,0,7,10,10,3
103,viperatoxin ii a novel viper venom protein as an effective bactericidal agent,bacteria,antimicrobial,Snake,samy ramar perumal stiles bradley g chinnathambi arunachalam zayed m e alharbi sulaiman ali franco octavio luiz rowan edward g kumar alan prem lim lina h k sethi gautam,,febs open bio,,2015,5,,,928,941,,10.1016/j.fob.2015.10.004,8,1.6,0,0,0,0,0,0,0,0,0,0,0,0,0,0,0,0,0,0,0,0,0,0,0,0,0,0,0,0,0,0,0,0,0,0,0,0,0,0,0,0,0,0,0,0,0,0,0,0,0,0,0,0,0,0,0,0,0,0,0,0,0,0,0,0,0,0,0,0,0,0,0,0,0,0,0,0,0,0,0,0,0,0,0,0,0,0,0,0,0,0,0,0,0,0,0,0,0,0,0,0,0,0,0,0,0,0,0,0,0,0,0,0,0,0,0,3,1,3,1
106,bee venom apis mellifera an effective potential alternative to gentamicin for specific bacteria strains bee venom an effective potential for bacteria,bacteria,antimicrobial,Bee,zolfagharian hossein mohajeri mohammad babaie mahdi,,journal of pharmacopuncture,SEP,2016,19,3,,225,230,,10.3831/KPI.2016.19.023,2,0.5,0,0,0,0,0,0,0,0,0,0,0,0,0,0,0,0,0,0,0,0,0,0,0,0,0,0,0,0,0,0,0,0,0,0,0,0,0,0,0,0,0,0,0,0,0,0,0,0,0,0,0,0,0,0,0,0,0,0,0,0,0,0,0,0,0,0,0,0,0,0,0,0,0,0,0,0,0,0,0,0,0,0,0,0,0,0,0,0,0,0,0,0,0,0,0,0,0,0,0,0,0,0,0,0,0,0,0,0,0,0,0,0,0,0,0,0,0,1,1
107,coatx ii a new dimeric lys49 phospholipase a 2 from crotalus oreganus abyssus snake venom with bactericidal potential insights into its structure and biological roles,bacteria,antimicrobial,Snake,almeida j r lancellotti m soares a m calderon l a ramirez d gonzalez w marangoni s da silva s l ,,toxicon,SEP,2016,120,,,147,158,,10.1016/j.toxicon.2016.08.007,14,3.5,0,0,0,0,0,0,0,0,0,0,0,0,0,0,0,0,0,0,0,0,0,0,0,0,0,0,0,0,0,0,0,0,0,0,0,0,0,0,0,0,0,0,0,0,0,0,0,0,0,0,0,0,0,0,0,0,0,0,0,0,0,0,0,0,0,0,0,0,0,0,0,0,0,0,0,0,0,0,0,0,0,0,0,0,0,0,0,0,0,0,0,0,0,0,0,0,0,0,0,0,0,0,0,0,0,0,0,0,0,0,0,0,0,0,0,0,5,7,2
111,secapin a bee venom peptide exhibits anti fibrinolytic anti elastolytic and anti microbial activities,bacteria,antimicrobial,Bee,lee kwang sik kim bo yeon yoon hyung joo choi yong soo jin byung rae,,developmental and comparative immunology,OCT,2016,63,,,27,35,,10.1016/j.dci.2016.05.011,12,3,0,0,0,0,0,0,0,0,0,0,0,0,0,0,0,0,0,0,0,0,0,0,0,0,0,0,0,0,0,0,0,0,0,0,0,0,0,0,0,0,0,0,0,0,0,0,0,0,0,0,0,0,0,0,0,0,0,0,0,0,0,0,0,0,0,0,0,0,0,0,0,0,0,0,0,0,0,0,0,0,0,0,0,0,0,0,0,0,0,0,0,0,0,0,0,0,0,0,0,0,0,0,0,0,0,0,0,0,0,0,0,0,0,0,0,0,7,4,1
113,anti fibrinolytic and anti microbial activities of a serine protease inhibitor from honeybee apis cerana venom,bacteria,antimicrobial,Bee,yang jie lee kwang sik kim bo yeon choi yong soo yoon hyung joo jia jingming jin byung rae,,comparative biochemistry and physiology c toxicology pharmacology,OCT,2017,201,,,11,18,,10.1016/j.cbpc.2017.09.001,4,1.33,0,0,0,0,0,0,0,0,0,0,0,0,0,0,0,0,0,0,0,0,0,0,0,0,0,0,0,0,0,0,0,0,0,0,0,0,0,0,0,0,0,0,0,0,0,0,0,0,0,0,0,0,0,0,0,0,0,0,0,0,0,0,0,0,0,0,0,0,0,0,0,0,0,0,0,0,0,0,0,0,0,0,0,0,0,0,0,0,0,0,0,0,0,0,0,0,0,0,0,0,0,0,0,0,0,0,0,0,0,0,0,0,0,0,0,0,0,2,2
116,assessment of cultivable oral bacterial flora from important venomous snakes of india and their antibiotic susceptibilities,bacteria,antimicrobial,Snake,shaikh innus k dixit prashant p pawade balasaheb s potnis lele mugdha kurhe babasaheb p ,,current microbiology,NOV,2017,74,11,,1278,1286,,10.1007/s00284-017-1313-z,3,1,0,0,0,0,0,0,0,0,0,0,0,0,0,0,0,0,0,0,0,0,0,0,0,0,0,0,0,0,0,0,0,0,0,0,0,0,0,0,0,0,0,0,0,0,0,0,0,0,0,0,0,0,0,0,0,0,0,0,0,0,0,0,0,0,0,0,0,0,0,0,0,0,0,0,0,0,0,0,0,0,0,0,0,0,0,0,0,0,0,0,0,0,0,0,0,0,0,0,0,0,0,0,0,0,0,0,0,0,0,0,0,0,0,0,0,0,0,2,1
118,improved system for constructing bacterial cdna libraries from the venom glands of two iranian scorpions,bacteria,recombinant,Scorpion,soorki maryam naderi galehdari hamid jalali amir baradaran masoumeh,,jundishapur journal of natural pharmaceutical products,AUG,2017,12,3,,,,e36065,10.5812/jjnpp.36065,0,0,0,0,0,0,0,0,0,0,0,0,0,0,0,0,0,0,0,0,0,0,0,0,0,0,0,0,0,0,0,0,0,0,0,0,0,0,0,0,0,0,0,0,0,0,0,0,0,0,0,0,0,0,0,0,0,0,0,0,0,0,0,0,0,0,0,0,0,0,0,0,0,0,0,0,0,0,0,0,0,0,0,0,0,0,0,0,0,0,0,0,0,0,0,0,0,0,0,0,0,0,0,0,0,0,0,0,0,0,0,0,0,0,0,0,0,0,0,0,0
119,insects arachnids and centipedes venom a powerful weapon against bacteria a literature review,bacteria,antimicrobial,Multiple,fratini filippo cilia giovanni turchi barbara felicioli antonio,,toxicon,MAY,2017,130,,,91,103,,10.1016/j.toxicon.2017.02.020,11,3.67,0,0,0,0,0,0,0,0,0,0,0,0,0,0,0,0,0,0,0,0,0,0,0,0,0,0,0,0,0,0,0,0,0,0,0,0,0,0,0,0,0,0,0,0,0,0,0,0,0,0,0,0,0,0,0,0,0,0,0,0,0,0,0,0,0,0,0,0,0,0,0,0,0,0,0,0,0,0,0,0,0,0,0,0,0,0,0,0,0,0,0,0,0,0,0,0,0,0,0,0,0,0,0,0,0,0,0,0,0,0,0,0,0,0,0,0,0,6,5
120,isolation and identification of bacterial populations of zoonotic importance from captive non venomous snakes in malaysia,bacteria,symbiosis,Snake,abba yusuf ilyasu yusuf maina noordin mustapha mohamed,,microbial pathogenesis,JUL,2017,108,,,49,54,,10.1016/j.micpath.2017.04.038,0,0,0,0,0,0,0,0,0,0,0,0,0,0,0,0,0,0,0,0,0,0,0,0,0,0,0,0,0,0,0,0,0,0,0,0,0,0,0,0,0,0,0,0,0,0,0,0,0,0,0,0,0,0,0,0,0,0,0,0,0,0,0,0,0,0,0,0,0,0,0,0,0,0,0,0,0,0,0,0,0,0,0,0,0,0,0,0,0,0,0,0,0,0,0,0,0,0,0,0,0,0,0,0,0,0,0,0,0,0,0,0,0,0,0,0,0,0,0,0,0
122,stenotrophomonas like bacteria are widespread symbionts in cone snail venom ducts,bacteria,symbiosis,Conus,torres joshua p tianero maria diarey robes jose miguel d kwan jason c biggs jason s concepcion gisela p olivera baldomero m haygood margo g schmidt eric w ,,applied and environmental microbiology,DEC,2017,83,23,,,,UNSP e01418-17,10.1128/AEM.01418-17,0,0,0,0,0,0,0,0,0,0,0,0,0,0,0,0,0,0,0,0,0,0,0,0,0,0,0,0,0,0,0,0,0,0,0,0,0,0,0,0,0,0,0,0,0,0,0,0,0,0,0,0,0,0,0,0,0,0,0,0,0,0,0,0,0,0,0,0,0,0,0,0,0,0,0,0,0,0,0,0,0,0,0,0,0,0,0,0,0,0,0,0,0,0,0,0,0,0,0,0,0,0,0,0,0,0,0,0,0,0,0,0,0,0,0,0,0,0,0,0,0
125,a connection between antimicrobial properties of venom peptides and microbial atp synthase,bacteria,antimicrobial,Spider,syed hiba tauseef mohammad ahmad zulficiar,,international journal of biological macromolecules,NOV,2018,119,,,23,31,,10.1016/j.ijbiomac.2018.07.146,0,0,0,0,0,0,0,0,0,0,0,0,0,0,0,0,0,0,0,0,0,0,0,0,0,0,0,0,0,0,0,0,0,0,0,0,0,0,0,0,0,0,0,0,0,0,0,0,0,0,0,0,0,0,0,0,0,0,0,0,0,0,0,0,0,0,0,0,0,0,0,0,0,0,0,0,0,0,0,0,0,0,0,0,0,0,0,0,0,0,0,0,0,0,0,0,0,0,0,0,0,0,0,0,0,0,0,0,0,0,0,0,0,0,0,0,0,0,0,0,0
126,a novel bactericidal homodimeric pla 2 group i from walterinnesia aegyptia venom,bacteria,antimicrobial,Snake,ben bacha abir alonazi mona awad elshikh mohamed solman karray aida,,international journal of biological macromolecules,OCT,2018,117,,,1140,1146,,10.1016/j.ijbiomac.2018.06.024,2,1,0,0,0,0,0,0,0,0,0,0,0,0,0,0,0,0,0,0,0,0,0,0,0,0,0,0,0,0,0,0,0,0,0,0,0,0,0,0,0,0,0,0,0,0,0,0,0,0,0,0,0,0,0,0,0,0,0,0,0,0,0,0,0,0,0,0,0,0,0,0,0,0,0,0,0,0,0,0,0,0,0,0,0,0,0,0,0,0,0,0,0,0,0,0,0,0,0,0,0,0,0,0,0,0,0,0,0,0,0,0,0,0,0,0,0,0,0,0,2
127,a3 a scorpion venom derived peptide analogue with potent antimicrobial and potential antibiofilm activity against clinical isolates of multi drug resistant gram positive bacteria,bacteria,antimicrobial,Scorpion,almaaytah ammar farajallah ahmad abualhaijaa ahmad al balas qosay,,molecules,JUL,2018,23,7,,,,1603,10.3390/molecules23071603,1,0.5,0,0,0,0,0,0,0,0,0,0,0,0,0,0,0,0,0,0,0,0,0,0,0,0,0,0,0,0,0,0,0,0,0,0,0,0,0,0,0,0,0,0,0,0,0,0,0,0,0,0,0,0,0,0,0,0,0,0,0,0,0,0,0,0,0,0,0,0,0,0,0,0,0,0,0,0,0,0,0,0,0,0,0,0,0,0,0,0,0,0,0,0,0,0,0,0,0,0,0,0,0,0,0,0,0,0,0,0,0,0,0,0,0,0,0,0,0,0,1
128,l amino acid oxidase from cerastes vipera snake venom isolation characterization and biological effects on bacteria and tumor cell lines,bacteria,antimicrobial,Snake,salama walaa h ibrahim nihal m el hakim amr e bassuiny roqaya i mohamed manal m mousa fatma m ali mamdouh m ,,toxicon,AUG,2018,150,,,270,279,,10.1016/j.toxicon.2018.06.064,2,1,0,0,0,0,0,0,0,0,0,0,0,0,0,0,0,0,0,0,0,0,0,0,0,0,0,0,0,0,0,0,0,0,0,0,0,0,0,0,0,0,0,0,0,0,0,0,0,0,0,0,0,0,0,0,0,0,0,0,0,0,0,0,0,0,0,0,0,0,0,0,0,0,0,0,0,0,0,0,0,0,0,0,0,0,0,0,0,0,0,0,0,0,0,0,0,0,0,0,0,0,0,0,0,0,0,0,0,0,0,0,0,0,0,0,0,0,0,1,1
130,meucin 49 a multifunctional scorpion venom peptide with bactericidal synergy with neurotoxins,bacteria,antimicrobial,Scorpion,gao bin dalziel julie tanzi simone zhu shunyi,,amino acids,AUG,2018,50,8,,1025,1043,,10.1007/s00726-018-2580-0,1,0.5,0,0,0,0,0,0,0,0,0,0,0,0,0,0,0,0,0,0,0,0,0,0,0,0,0,0,0,0,0,0,0,0,0,0,0,0,0,0,0,0,0,0,0,0,0,0,0,0,0,0,0,0,0,0,0,0,0,0,0,0,0,0,0,0,0,0,0,0,0,0,0,0,0,0,0,0,0,0,0,0,0,0,0,0,0,0,0,0,0,0,0,0,0,0,0,0,0,0,0,0,0,0,0,0,0,0,0,0,0,0,0,0,0,0,0,0,0,0,1
131,microbial production of toxins from the scorpion venom properties and applications,bacteria,recombinant,Scorpion,amorim fernanda gobbi cordeiro francielle almeida pinheiro junior ernesto lopes boldrini franca johara arantes eliane candiani,,applied microbiology and biotechnology,AUG,2018,102,15,,6319,6331,,10.1007/s00253-018-9122-2,0,0,0,0,0,0,0,0,0,0,0,0,0,0,0,0,0,0,0,0,0,0,0,0,0,0,0,0,0,0,0,0,0,0,0,0,0,0,0,0,0,0,0,0,0,0,0,0,0,0,0,0,0,0,0,0,0,0,0,0,0,0,0,0,0,0,0,0,0,0,0,0,0,0,0,0,0,0,0,0,0,0,0,0,0,0,0,0,0,0,0,0,0,0,0,0,0,0,0,0,0,0,0,0,0,0,0,0,0,0,0,0,0,0,0,0,0,0,0,0,0
134,phospholipases a 2 purified from cottonmouth snake venoms display no antibacterial effect against four representative bacterial species,bacteria,antimicrobial,Snake,jia ying villarreal justin,,toxicon,SEP,2018,151,,,1,4,,10.1016/j.toxicon.2018.06.062,0,0,0,0,0,0,0,0,0,0,0,0,0,0,0,0,0,0,0,0,0,0,0,0,0,0,0,0,0,0,0,0,0,0,0,0,0,0,0,0,0,0,0,0,0,0,0,0,0,0,0,0,0,0,0,0,0,0,0,0,0,0,0,0,0,0,0,0,0,0,0,0,0,0,0,0,0,0,0,0,0,0,0,0,0,0,0,0,0,0,0,0,0,0,0,0,0,0,0,0,0,0,0,0,0,0,0,0,0,0,0,0,0,0,0,0,0,0,0,0,0
137,a new topical eye drop containing lyetxi b a synthetic peptide designed from a lycosa erithrognata venom toxin was effective to treat resistant bacterial keratitis,bacteria,antimicrobial,Spider,da silva carolina nunes da silva flavia rodrigues nunes dourado lays fernanda mendes dos reis pablo victor silva rummenigge oliveira da costa bruna lopes nunes paula santos amaral flavio almeida dos santos vera lucia de lima maria elena cunha junior armando da silva,,toxins,APR,2019,11,4,,,,203,10.3390/toxins11040203,0,0,0,0,0,0,0,0,0,0,0,0,0,0,0,0,0,0,0,0,0,0,0,0,0,0,0,0,0,0,0,0,0,0,0,0,0,0,0,0,0,0,0,0,0,0,0,0,0,0,0,0,0,0,0,0,0,0,0,0,0,0,0,0,0,0,0,0,0,0,0,0,0,0,0,0,0,0,0,0,0,0,0,0,0,0,0,0,0,0,0,0,0,0,0,0,0,0,0,0,0,0,0,0,0,0,0,0,0,0,0,0,0,0,0,0,0,0,0,0,0
139,comparative analysis of intestinal bacteria among venom secretion and non secrection snakes,bacteria,symbiosis,Snake,qin zuodong wang siqi guo dezhi zhu jialiang chen huahai bai le luo xiaofang yin yeshi,,scientific reports,APR,2019,9,,,,,6335,10.1038/s41598-019-42787-6,0,0,0,0,0,0,0,0,0,0,0,0,0,0,0,0,0,0,0,0,0,0,0,0,0,0,0,0,0,0,0,0,0,0,0,0,0,0,0,0,0,0,0,0,0,0,0,0,0,0,0,0,0,0,0,0,0,0,0,0,0,0,0,0,0,0,0,0,0,0,0,0,0,0,0,0,0,0,0,0,0,0,0,0,0,0,0,0,0,0,0,0,0,0,0,0,0,0,0,0,0,0,0,0,0,0,0,0,0,0,0,0,0,0,0,0,0,0,0,0,0
140,nontoxic fraction of scorpion venom reduces bacterial growth and inflammatory response in a mouse model of infection,bacteria,antimicrobial,Scorpion,zerouti khedidja khemili dalila laraba djebari fatima hammoudi triki djelila,,toxin reviews,,2019,,,,,,,10.1080/15569543.2019.1614064,0,0,0,0,0,0,0,0,0,0,0,0,0,0,0,0,0,0,0,0,0,0,0,0,0,0,0,0,0,0,0,0,0,0,0,0,0,0,0,0,0,0,0,0,0,0,0,0,0,0,0,0,0,0,0,0,0,0,0,0,0,0,0,0,0,0,0,0,0,0,0,0,0,0,0,0,0,0,0,0,0,0,0,0,0,0,0,0,0,0,0,0,0,0,0,0,0,0,0,0,0,0,0,0,0,0,0,0,0,0,0,0,0,0,0,0,0,0,0,0,0
43,effect of fire ant solenopsis invicta venom alkaloids on the invitro germination and development of selected entomogenous fungi,fungi,antimicrobial,Ant,storey gk vandermeer rk boucias dg mccoy cw,,journal of invertebrate pathology,JUL,1991,58,1,,88,95,,10.1016/0022-2011(91)90166-N,41,1.41,0,0,0,0,0,0,0,0,0,0,0,0,0,0,0,0,0,0,0,0,0,0,0,0,0,0,0,0,0,0,0,0,0,0,0,0,0,0,0,0,0,0,0,0,0,0,0,0,0,0,0,0,0,0,0,0,0,0,0,0,0,0,0,0,0,0,0,0,0,0,0,0,0,0,0,0,0,0,0,0,0,0,0,0,0,0,0,0,0,0,0,0,0,0,1,0,1,0,1,0,0,2,2,3,1,1,1,0,2,0,5,6,3,2,2,5,3,0,0
80,recombinant immunosuppressive protein from pimpla hypochondrica venom rvpr1 increases the susceptibility of mamestra brassicae larvae to the fungal biological control agent beauveria bassiana,fungi,antimicrobial,Wasp,richards elaine h bradish hannah dani m paulina pietravalle stephane lawson ailsa,,archives of insect biochemistry and physiology,NOV,2011,78,3,,119,131,,10.1002/arch.20447,6,0.67,0,0,0,0,0,0,0,0,0,0,0,0,0,0,0,0,0,0,0,0,0,0,0,0,0,0,0,0,0,0,0,0,0,0,0,0,0,0,0,0,0,0,0,0,0,0,0,0,0,0,0,0,0,0,0,0,0,0,0,0,0,0,0,0,0,0,0,0,0,0,0,0,0,0,0,0,0,0,0,0,0,0,0,0,0,0,0,0,0,0,0,0,0,0,0,0,0,0,0,0,0,0,0,0,0,0,0,0,0,0,0,0,1,0,2,0,2,1,0
88,bee venom reduces fungi induced bronchial epithelial cells activation through down regulation of nf kappa b,fungi,antimicrobial,Bee,shin seung heon ye mi kyung kim jung kyu park kwan kyu,,international journal of pharmacology,FEB,2013,9,2,,143,149,,10.3923/ijp.2013.143.149,2,0.29,0,0,0,0,0,0,0,0,0,0,0,0,0,0,0,0,0,0,0,0,0,0,0,0,0,0,0,0,0,0,0,0,0,0,0,0,0,0,0,0,0,0,0,0,0,0,0,0,0,0,0,0,0,0,0,0,0,0,0,0,0,0,0,0,0,0,0,0,0,0,0,0,0,0,0,0,0,0,0,0,0,0,0,0,0,0,0,0,0,0,0,0,0,0,0,0,0,0,0,0,0,0,0,0,0,0,0,0,0,0,0,0,0,1,0,1,0,0,0
89,bumblebee venom serine protease increases fungal insecticidal virulence by inducing insect melanization,fungi,antimicrobial,Bee,kim jae su choi jae young lee joo hyun bin park jong fu zhenli liu qin tao xueying jin byung rae skinner margaret parker bruce l je yeon ho,,plos one,APR,2013,8,4,,,,e62555,10.1371/journal.pone.0062555,9,1.29,0,0,0,0,0,0,0,0,0,0,0,0,0,0,0,0,0,0,0,0,0,0,0,0,0,0,0,0,0,0,0,0,0,0,0,0,0,0,0,0,0,0,0,0,0,0,0,0,0,0,0,0,0,0,0,0,0,0,0,0,0,0,0,0,0,0,0,0,0,0,0,0,0,0,0,0,0,0,0,0,0,0,0,0,0,0,0,0,0,0,0,0,0,0,0,0,0,0,0,0,0,0,0,0,0,0,0,0,0,0,0,0,0,1,2,1,2,3,0
99,detection and identification of the invasive sirex noctilio hymenoptera siricidae fungal symbiont amylostereum areolatum russulales amylostereacea in china and the stimulating effect of insect venom on laccase production by a areolatum yql03,fungi,symbiosis,Wasp,li dapeng shi juan lu min ren lili zhen congai luo youqing,,journal of economic entomology,JUN,2015,108,3,,1136,1147,,10.1093/jee/tov072,9,1.8,0,0,0,0,0,0,0,0,0,0,0,0,0,0,0,0,0,0,0,0,0,0,0,0,0,0,0,0,0,0,0,0,0,0,0,0,0,0,0,0,0,0,0,0,0,0,0,0,0,0,0,0,0,0,0,0,0,0,0,0,0,0,0,0,0,0,0,0,0,0,0,0,0,0,0,0,0,0,0,0,0,0,0,0,0,0,0,0,0,0,0,0,0,0,0,0,0,0,0,0,0,0,0,0,0,0,0,0,0,0,0,0,0,0,0,2,2,2,3
114,anti fungal activity of ctn 15 341 the c terminal peptide fragment of crotalicidin a rattlesnake venom gland cathelicidin,fungi,antimicrobial,Snake,cavalcante carolina sidrim p falcao claudio b fontenelle raquel o s andreu david radis baptista gandhi,,journal of antibiotics,MAR,2017,70,3,,231,237,,10.1038/ja.2016.135,6,2,0,0,0,0,0,0,0,0,0,0,0,0,0,0,0,0,0,0,0,0,0,0,0,0,0,0,0,0,0,0,0,0,0,0,0,0,0,0,0,0,0,0,0,0,0,0,0,0,0,0,0,0,0,0,0,0,0,0,0,0,0,0,0,0,0,0,0,0,0,0,0,0,0,0,0,0,0,0,0,0,0,0,0,0,0,0,0,0,0,0,0,0,0,0,0,0,0,0,0,0,0,0,0,0,0,0,0,0,0,0,0,0,0,0,0,0,2,2,2
115,antifungal activity against filamentous fungi of ts1 a multifunctional toxin from tityus serrulatus scorpion venom,fungi,antimicrobial,Scorpion,santussi welligton m bordon karla c f rodrigues alves ana p n cologna camila t said suraia arantes eliane c ,,frontiers in microbiology,JUN,2017,8,,,,,984,10.3389/fmicb.2017.00984,2,0.67,0,0,0,0,0,0,0,0,0,0,0,0,0,0,0,0,0,0,0,0,0,0,0,0,0,0,0,0,0,0,0,0,0,0,0,0,0,0,0,0,0,0,0,0,0,0,0,0,0,0,0,0,0,0,0,0,0,0,0,0,0,0,0,0,0,0,0,0,0,0,0,0,0,0,0,0,0,0,0,0,0,0,0,0,0,0,0,0,0,0,0,0,0,0,0,0,0,0,0,0,0,0,0,0,0,0,0,0,0,0,0,0,0,0,0,0,0,1,1
117,immunosuppression of insects by the venom of habrobracon hebetor increases the sensitivity of bait method for the isolation of entomopathogenic fungi from soils,fungi,antimicrobial,Wasp,kryukov v yu tyurin m v tomilova o g yaroslavtseva o n kryukova n a duisembekov b a tokarev yu s glupov v v ,,biology bulletin,JUL,2017,44,4,,401,405,,10.1134/S1062359017030050,3,1,0,0,0,0,0,0,0,0,0,0,0,0,0,0,0,0,0,0,0,0,0,0,0,0,0,0,0,0,0,0,0,0,0,0,0,0,0,0,0,0,0,0,0,0,0,0,0,0,0,0,0,0,0,0,0,0,0,0,0,0,0,0,0,0,0,0,0,0,0,0,0,0,0,0,0,0,0,0,0,0,0,0,0,0,0,0,0,0,0,0,0,0,0,0,0,0,0,0,0,0,0,0,0,0,0,0,0,0,0,0,0,0,0,0,0,0,1,1,1
30,hyaluronidase polymorphism detected by polyacrylamide gel electrophoresis application to hyaluronidases from bacteria slime molds bee and snake venoms bovine testes rat liver lysosomes and human serum,multiple,biochemistry,Multiple,fiszerszafarz b,,analytical biochemistry,,1984,143,1,,76,81,,10.1016/0003-2697(84)90560-8,57,1.58,0,0,0,0,0,0,0,0,0,0,0,0,0,0,0,0,0,0,0,0,0,0,0,0,0,0,0,0,0,0,0,0,0,0,0,0,0,0,0,0,0,0,0,0,0,0,0,0,0,0,0,0,0,0,0,0,0,0,0,0,0,0,0,0,0,0,0,0,0,0,0,0,0,0,0,0,0,0,0,0,0,0,0,0,1,1,1,2,3,1,1,6,4,2,2,3,4,0,3,2,5,2,2,1,2,1,1,0,0,0,0,0,1,2,1,1,0,1,1
51,expressions of recombinant venom allergen antigen 5 of yellowjacket vespula vulgaris and paper wasp polistes annularis in bacteria or yeast,multiple,recombinant,Wasp,monsalve ri lu g king tp,,protein expression and purification,AUG,1999,16,3,,410,416,,10.1006/prep.1999.1082,49,2.33,0,0,0,0,0,0,0,0,0,0,0,0,0,0,0,0,0,0,0,0,0,0,0,0,0,0,0,0,0,0,0,0,0,0,0,0,0,0,0,0,0,0,0,0,0,0,0,0,0,0,0,0,0,0,0,0,0,0,0,0,0,0,0,0,0,0,0,0,0,0,0,0,0,0,0,0,0,0,0,0,0,0,0,0,0,0,0,0,0,0,0,0,0,0,0,0,0,0,0,5,4,4,2,2,6,2,3,1,2,3,4,3,0,0,1,3,1,3,0
53,scorpine an anti malaria and anti bacterial agent purified from scorpion venom,multiple,antimicrobial,Scorpion,conde r zamudio fz rodriguez mh possani ld,,febs letters,APR,2000,471,3-Feb,,165,168,,10.1016/S0014-5793(00)01384-3,156,7.8,0,0,0,0,0,0,0,0,0,0,0,0,0,0,0,0,0,0,0,0,0,0,0,0,0,0,0,0,0,0,0,0,0,0,0,0,0,0,0,0,0,0,0,0,0,0,0,0,0,0,0,0,0,0,0,0,0,0,0,0,0,0,0,0,0,0,0,0,0,0,0,0,0,0,0,0,0,0,0,0,0,0,0,0,0,0,0,0,0,0,0,0,0,0,0,0,0,0,0,2,3,11,4,5,1,4,5,11,10,10,8,8,12,8,9,14,17,10,4
69,antigenic microbicidal and antiparasitic properties of an l amino acid oxidase isolated from bothrops jararaca snake venom,multiple,antimicrobial,Snake,ciscotto p de avila r a machado coelho e a f oliveira j diniz c g farias l m de carvalho m a r maria w s sanchez e f borges a chavez olortegui c ,,toxicon,MAR,2009,53,3,,330,341,,10.1016/j.toxicon.2008.12.004,64,5.82,0,0,0,0,0,0,0,0,0,0,0,0,0,0,0,0,0,0,0,0,0,0,0,0,0,0,0,0,0,0,0,0,0,0,0,0,0,0,0,0,0,0,0,0,0,0,0,0,0,0,0,0,0,0,0,0,0,0,0,0,0,0,0,0,0,0,0,0,0,0,0,0,0,0,0,0,0,0,0,0,0,0,0,0,0,0,0,0,0,0,0,0,0,0,0,0,0,0,0,0,0,0,0,0,0,0,0,0,2,8,11,8,3,7,6,1,6,10,2
74,snake venoms a perspective for development of drugs against microbes,multiple,antimicrobial,Snake,domingues passero luiz felipe de sousa karina fires,gjersoe j hundstad s,venoms sources toxicity and therapeutic uses,,2010,,,,77,95,,,1,0.1,0,0,0,0,0,0,0,0,0,0,0,0,0,0,0,0,0,0,0,0,0,0,0,0,0,0,0,0,0,0,0,0,0,0,0,0,0,0,0,0,0,0,0,0,0,0,0,0,0,0,0,0,0,0,0,0,0,0,0,0,0,0,0,0,0,0,0,0,0,0,0,0,0,0,0,0,0,0,0,0,0,0,0,0,0,0,0,0,0,0,0,0,0,0,0,0,0,0,0,0,0,0,0,0,0,0,0,0,0,0,0,0,1,0,0,0,0,0,0
76,cell cycle arrest evidence parasiticidal and bactericidal properties induced by l amino acid oxidase from bothrops atrox snake venom,multiple,antimicrobial,Snake,alves paiva raquel de melo figueiredo raquel de freitas antonucci gilmara ausech paiva helder henrique pires bianchi maria de lourdes rodrigues kelly c lucarini rodrigo caetano renato cesar linhari rodrigues pietro rosemeire cristina comes martins carlos henrique de albuquerque sergio sampaio suely vilela,,biochimie,MAY,2011,93,5,,941,947,,10.1016/j.biochi.2011.01.009,23,2.56,0,0,0,0,0,0,0,0,0,0,0,0,0,0,0,0,0,0,0,0,0,0,0,0,0,0,0,0,0,0,0,0,0,0,0,0,0,0,0,0,0,0,0,0,0,0,0,0,0,0,0,0,0,0,0,0,0,0,0,0,0,0,0,0,0,0,0,0,0,0,0,0,0,0,0,0,0,0,0,0,0,0,0,0,0,0,0,0,0,0,0,0,0,0,0,0,0,0,0,0,0,0,0,0,0,0,0,0,0,0,1,4,1,1,6,3,4,3,0
79,pseudechis australis venomics adaptation for a defense against microbial pathogens and recruitment of body transferrin,multiple,antimicrobial,Snake,georgieva dessislava seifert jana oehler michaela von bergen martin spencer patrick arni raghuvir k genov nicolay betzel christian,,journal of proteome research,MAY,2011,10,5,,2440,2464,,10.1021/pr101248e,23,2.56,0,0,0,0,0,0,0,0,0,0,0,0,0,0,0,0,0,0,0,0,0,0,0,0,0,0,0,0,0,0,0,0,0,0,0,0,0,0,0,0,0,0,0,0,0,0,0,0,0,0,0,0,0,0,0,0,0,0,0,0,0,0,0,0,0,0,0,0,0,0,0,0,0,0,0,0,0,0,0,0,0,0,0,0,0,0,0,0,0,0,0,0,0,0,0,0,0,0,0,0,0,0,0,0,0,0,0,0,0,0,1,2,2,2,2,5,6,3,0
93,snake venom proteins and peptides as novel antibiotics against microbial infections,multiple,antimicrobial,Snake,samy ramar perumal gopalakrishnakone ponnampalam satyanarayanajois seetharama d stiles bradley g chow vincent t k ,,current proteomics,APR,2013,10,1,,10,28,,10.2174/1570164611310010003,7,1,0,0,0,0,0,0,0,0,0,0,0,0,0,0,0,0,0,0,0,0,0,0,0,0,0,0,0,0,0,0,0,0,0,0,0,0,0,0,0,0,0,0,0,0,0,0,0,0,0,0,0,0,0,0,0,0,0,0,0,0,0,0,0,0,0,0,0,0,0,0,0,0,0,0,0,0,0,0,0,0,0,0,0,0,0,0,0,0,0,0,0,0,0,0,0,0,0,0,0,0,0,0,0,0,0,0,0,0,0,0,0,0,0,0,1,2,3,0,1
100,evaluating the microbicidal antiparasitic and antitumor effects of cr laao from calloselasma rhodostoma venom,multiple,antimicrobial,Snake,costa tassia r menaldo danilo l da silva cassio prinholato sorrechia rodrigo de albuquerque sergio pietro rosemeire c l r ghisla sandro antunes lusania m greggi sampaio suely v ,,international journal of biological macromolecules,SEP,2015,80,,,489,497,,10.1016/j.ijbiomac.2015.07.004,23,4.6,0,0,0,0,0,0,0,0,0,0,0,0,0,0,0,0,0,0,0,0,0,0,0,0,0,0,0,0,0,0,0,0,0,0,0,0,0,0,0,0,0,0,0,0,0,0,0,0,0,0,0,0,0,0,0,0,0,0,0,0,0,0,0,0,0,0,0,0,0,0,0,0,0,0,0,0,0,0,0,0,0,0,0,0,0,0,0,0,0,0,0,0,0,0,0,0,0,0,0,0,0,0,0,0,0,0,0,0,0,0,0,0,0,0,1,4,4,11,3
3,preservation of biological fluids bacteriophage vaccines and venom solutions with alkyl dimethyl benzyl ammonium chloride,none,biochemistry,Multiple,maier e,,journal of bacteriology,JUL,1939,38,1,,33,39,,,14,0.17,0,0,0,0,0,0,0,0,0,0,0,0,0,0,0,0,0,0,0,0,0,0,0,0,0,0,0,0,0,0,0,0,0,0,0,0,0,0,0,0,1,1,1,0,2,2,1,0,3,0,0,0,0,1,0,0,0,0,0,0,0,0,0,0,0,0,1,0,0,0,1,0,0,0,0,0,0,0,0,0,0,0,0,0,0,0,0,0,0,0,0,0,0,0,0,0,0,0,0,0,0,0,0,0,0,0,0,0,0,0,0,0,0,0,0,0,0,0,0
14,site of action of venom of microbracon hebetor say braconidae hymenoptera ,none,venomics,Wasp,piek t,,journal of insect physiology,,1966,12,5,,561,,,10.1016/0022-1910(66)90094-1,22,0.41,0,0,0,0,0,0,0,0,0,0,0,0,0,0,0,0,0,0,0,0,0,0,0,0,0,0,0,0,0,0,0,0,0,0,0,0,0,0,0,0,0,0,0,0,0,0,0,0,0,0,0,0,0,0,0,0,0,0,0,0,0,0,0,0,0,1,0,0,2,0,3,0,0,4,0,0,1,0,0,1,0,3,0,0,2,0,0,0,0,1,0,0,0,1,0,1,0,0,0,0,0,0,0,0,1,0,0,0,0,0,0,0,0,0,0,1,0,0,0
16,action of venom of microbracon hebetor say on larvae and adults of philosamia cynthia hubn,none,venomics,Wasp,piek t engels e,,comparative biochemistry and physiology,,1969,28,2,,603,,,10.1016/0010-406X(69)92092-1,20,0.39,0,0,0,0,0,0,0,0,0,0,0,0,0,0,0,0,0,0,0,0,0,0,0,0,0,0,0,0,0,0,0,0,0,0,0,0,0,0,0,0,0,0,0,0,0,0,0,0,0,0,0,0,0,0,0,0,0,0,0,0,0,0,0,0,0,0,0,0,1,0,1,2,0,3,0,1,2,0,0,1,1,1,4,0,0,0,0,1,0,1,0,0,0,0,0,0,0,0,0,0,1,0,0,0,0,0,0,0,0,0,0,0,0,0,0,0,0,0,0
18,paralysis caused by venom of wasp microbracon gelechiae,none,venomics,Wasp,piek t spanjer w njio kd veenenda rl mantel p,,journal of insect physiology,,1974,20,11,,2307,2319,,10.1016/0022-1910(74)90053-5,15,0.33,0,0,0,0,0,0,0,0,0,0,0,0,0,0,0,0,0,0,0,0,0,0,0,0,0,0,0,0,0,0,0,0,0,0,0,0,0,0,0,0,0,0,0,0,0,0,0,0,0,0,0,0,0,0,0,0,0,0,0,0,0,0,0,0,0,0,0,0,0,0,0,0,0,0,0,1,1,0,0,1,1,3,1,0,0,1,0,1,0,1,0,0,0,0,1,1,0,1,0,0,0,0,0,0,0,0,0,0,0,0,0,0,0,1,0,0,0,0,0
19,stability of microbracon hebetor say venom preparations,none,venomics,Wasp,drenth d,,toxicon,,1974,12,5,,541,542,,10.1016/0041-0101(74)90046-4,7,0.15,0,0,0,0,0,0,0,0,0,0,0,0,0,0,0,0,0,0,0,0,0,0,0,0,0,0,0,0,0,0,0,0,0,0,0,0,0,0,0,0,0,0,0,0,0,0,0,0,0,0,0,0,0,0,0,0,0,0,0,0,0,0,0,0,0,0,0,0,0,0,0,0,0,0,0,1,1,0,0,0,0,1,1,0,0,0,0,0,0,0,0,0,0,1,0,0,0,0,0,0,0,0,0,0,0,0,0,0,0,0,0,0,0,1,0,1,0,0,0
20,susceptibility of different species of insects to an extract of venom gland of wasp microbracon hebetor say ,none,venomics,Wasp,drenth d,,toxicon,,1974,12,12,,189,192,,10.1016/0041-0101(74)90244-X,19,0.41,0,0,0,0,0,0,0,0,0,0,0,0,0,0,0,0,0,0,0,0,0,0,0,0,0,0,0,0,0,0,0,0,0,0,0,0,0,0,0,0,0,0,0,0,0,0,0,0,0,0,0,0,0,0,0,0,0,0,0,0,0,0,0,0,0,0,0,0,0,0,0,0,0,2,0,1,1,0,0,1,0,1,2,0,0,0,0,1,0,0,0,0,1,1,0,0,0,1,2,0,0,0,0,0,1,1,0,0,0,0,0,0,0,1,1,0,1,0,0
21,isolation and some biochemical properties of a paralyzing toxin from venom of wasp microbracon hebetor say ,none,venomics,Wasp,visser bj spanjer w klonia hd piek t vandermeer c,,toxicon,,1976,14,5,,357,,,10.1016/0041-0101(76)90083-0,21,0.48,0,0,0,0,0,0,0,0,0,0,0,0,0,0,0,0,0,0,0,0,0,0,0,0,0,0,0,0,0,0,0,0,0,0,0,0,0,0,0,0,0,0,0,0,0,0,0,0,0,0,0,0,0,0,0,0,0,0,0,0,0,0,0,0,0,0,0,0,0,0,0,0,0,0,0,0,1,0,1,0,2,5,2,0,0,0,1,2,0,1,0,0,0,1,0,0,0,0,1,0,0,0,1,1,0,1,0,0,0,0,0,0,0,0,0,1,0,0,0
22,structure and histochemistry of venom glands of wasps microbracon hebetor say and philanthus triangulum f,none,venomics,Wasp,vanmarle j,,toxicon,,1977,15,6,,529,539,,10.1016/0041-0101(77)90104-0,13,0.3,0,0,0,0,0,0,0,0,0,0,0,0,0,0,0,0,0,0,0,0,0,0,0,0,0,0,0,0,0,0,0,0,0,0,0,0,0,0,0,0,0,0,0,0,0,0,0,0,0,0,0,0,0,0,0,0,0,0,0,0,0,0,0,0,0,0,0,0,0,0,0,0,0,0,0,0,0,0,1,0,0,1,1,1,0,0,0,0,0,0,0,1,0,0,0,0,1,0,1,1,0,0,0,0,0,0,0,0,1,0,0,0,0,1,2,0,1,0,0
28,the pharmacology of microbracon venom,none,venomics,Wasp,piek t veenendaal rl mantel p,,comparative biochemistry and physiology c pharmacology toxicology endocrinology,,1982,72,2,,303,309,,10.1016/0306-4492(82)90097-1,18,0.47,0,0,0,0,0,0,0,0,0,0,0,0,0,0,0,0,0,0,0,0,0,0,0,0,0,0,0,0,0,0,0,0,0,0,0,0,0,0,0,0,0,0,0,0,0,0,0,0,0,0,0,0,0,0,0,0,0,0,0,0,0,0,0,0,0,0,0,0,0,0,0,0,0,0,0,0,0,0,0,0,0,0,1,1,0,1,0,1,1,2,0,0,0,2,1,0,0,0,1,0,0,0,1,0,1,1,0,0,0,1,0,0,1,0,1,0,1,0,0
52,inhibition of larval growth in the gypsy moth lepidoptera lymantriidae by venom from the parasitic wasp microbracon hebetor hymenoptera braconidae ,none,venomics,Wasp,masler ep kovaleva es,,journal of entomological science,OCT,1999,34,4,,435,444,,10.18474/0749-8004-34.4.435,3,0.14,0,0,0,0,0,0,0,0,0,0,0,0,0,0,0,0,0,0,0,0,0,0,0,0,0,0,0,0,0,0,0,0,0,0,0,0,0,0,0,0,0,0,0,0,0,0,0,0,0,0,0,0,0,0,0,0,0,0,0,0,0,0,0,0,0,0,0,0,0,0,0,0,0,0,0,0,0,0,0,0,0,0,0,0,0,0,0,0,0,0,0,0,0,0,0,0,0,0,0,0,0,0,0,0,0,2,0,0,0,0,0,0,0,0,1,0,0,0,0
55,analysis of n glycosylation of phospholipase a 2 from venom of individual bees by microbore high performance liquid chromatography electrospray mass spectrometry using an ion trap mass spectrometer,none,venomics,Bee,lai cc her gr,,journal of chromatography b analytical technologies in the biomedical and life sciences,JAN,2002,766,2,,243,250,,10.1016/S0378-4347(01)00479-0,8,0.44,0,0,0,0,0,0,0,0,0,0,0,0,0,0,0,0,0,0,0,0,0,0,0,0,0,0,0,0,0,0,0,0,0,0,0,0,0,0,0,0,0,0,0,0,0,0,0,0,0,0,0,0,0,0,0,0,0,0,0,0,0,0,0,0,0,0,0,0,0,0,0,0,0,0,0,0,0,0,0,0,0,0,0,0,0,0,0,0,0,0,0,0,0,0,0,0,0,0,0,0,0,1,0,1,0,0,1,1,0,1,0,1,0,1,0,0,0,0,1
73,interfacial binding dynamics of bee venom phospholipase a 2 investigated by dynamic light scattering and quartz crystal microbalance,none,venomics,Bee,jackman joshua a cho nam joon duran randolph s frank curtis w ,,langmuir,MAR,2010,26,6,,4103,4112,,10.1021/la903117x,23,2.3,0,0,0,0,0,0,0,0,0,0,0,0,0,0,0,0,0,0,0,0,0,0,0,0,0,0,0,0,0,0,0,0,0,0,0,0,0,0,0,0,0,0,0,0,0,0,0,0,0,0,0,0,0,0,0,0,0,0,0,0,0,0,0,0,0,0,0,0,0,0,0,0,0,0,0,0,0,0,0,0,0,0,0,0,0,0,0,0,0,0,0,0,0,0,0,0,0,0,0,0,0,0,0,0,0,0,0,0,0,2,3,2,1,0,5,4,2,3,1
108,efficacy of a therapeutic treatment using gas filled microbubble associated phospholipase a2 in a mouse model of honeybee venom allergy,none,natural product,Bee,corthesy b lassus a terrettaz j tranquart f bioley g ,,allergy,JUL,2016,71,7,,957,966,,10.1111/all.12859,1,0.25,0,0,0,0,0,0,0,0,0,0,0,0,0,0,0,0,0,0,0,0,0,0,0,0,0,0,0,0,0,0,0,0,0,0,0,0,0,0,0,0,0,0,0,0,0,0,0,0,0,0,0,0,0,0,0,0,0,0,0,0,0,0,0,0,0,0,0,0,0,0,0,0,0,0,0,0,0,0,0,0,0,0,0,0,0,0,0,0,0,0,0,0,0,0,0,0,0,0,0,0,0,0,0,0,0,0,0,0,0,0,0,0,0,0,0,0,1,0,0
110,prophylactic immunization of mice with phospholipase a2 loaded gas filled microbubbles is protective against th2 mediated honeybee venom allergy,none,natural product,Bee,bioley g lassus a terrettaz j tranquart f corthesy b ,,clinical and experimental allergy,JAN,2016,46,1,,153,162,,10.1111/cea.12555,3,0.75,0,0,0,0,0,0,0,0,0,0,0,0,0,0,0,0,0,0,0,0,0,0,0,0,0,0,0,0,0,0,0,0,0,0,0,0,0,0,0,0,0,0,0,0,0,0,0,0,0,0,0,0,0,0,0,0,0,0,0,0,0,0,0,0,0,0,0,0,0,0,0,0,0,0,0,0,0,0,0,0,0,0,0,0,0,0,0,0,0,0,0,0,0,0,0,0,0,0,0,0,0,0,0,0,0,0,0,0,0,0,0,0,0,0,0,1,2,0,0
2,vaccination against viper venom and experimental rabies by mixtures of virus venom and excess virus,virus,antimicrobial,Snake,phisalix,,comptes rendus hebdomadaires des seances de l academie des sciences,DEC,1928,187,,,1006,1008,,,0,0,0,0,0,0,0,0,0,0,0,0,0,0,0,0,0,0,0,0,0,0,0,0,0,0,0,0,0,0,0,0,0,0,0,0,0,0,0,0,0,0,0,0,0,0,0,0,0,0,0,0,0,0,0,0,0,0,0,0,0,0,0,0,0,0,0,0,0,0,0,0,0,0,0,0,0,0,0,0,0,0,0,0,0,0,0,0,0,0,0,0,0,0,0,0,0,0,0,0,0,0,0,0,0,0,0,0,0,0,0,0,0,0,0,0,0,0,0,0,0
10,use of snake venom phosphodiesterase in place of pancreatic ribonuclease for testing of nucleic acid preparations from tobacco mosaic virus,virus,antimicrobial,Snake,diener to,,nature,,1961,189,476,,687,,,10.1038/189687b0,5,0.08,0,0,0,0,0,0,0,0,0,0,0,0,0,0,0,0,0,0,0,0,0,0,0,0,0,0,0,0,0,0,0,0,0,0,0,0,0,0,0,0,0,0,0,0,0,0,0,0,0,0,0,0,0,0,0,0,0,0,0,0,0,1,1,1,1,0,1,0,0,0,0,0,0,0,0,0,0,0,0,0,0,0,0,0,0,0,0,0,0,0,0,0,0,0,0,0,0,0,0,0,0,0,0,0,0,0,0,0,0,0,0,0,0,0,0,0,0,0,0
11,cross neutralization with aid of sera of animals affected with serpent venom or encephalitis virus,virus,antimicrobial,Snake,pavlovskii en talyzin ff pchelkina aa,,doklady akademii nauk sssr,,1964,156,5,,1239,,,,0,0,0,0,0,0,0,0,0,0,0,0,0,0,0,0,0,0,0,0,0,0,0,0,0,0,0,0,0,0,0,0,0,0,0,0,0,0,0,0,0,0,0,0,0,0,0,0,0,0,0,0,0,0,0,0,0,0,0,0,0,0,0,0,0,0,0,0,0,0,0,0,0,0,0,0,0,0,0,0,0,0,0,0,0,0,0,0,0,0,0,0,0,0,0,0,0,0,0,0,0,0,0,0,0,0,0,0,0,0,0,0,0,0,0,0,0,0,0,0,0
12,inactivation of friend virus by snake venom,virus,antimicrobial,Snake,okabe k kasuga t sugimura t,,gann,,1964,55,1,,19,,,,2,0.04,0,0,0,0,0,0,0,0,0,0,0,0,0,0,0,0,0,0,0,0,0,0,0,0,0,0,0,0,0,0,0,0,0,0,0,0,0,0,0,0,0,0,0,0,0,0,0,0,0,0,0,0,0,0,0,0,0,0,0,0,0,0,0,0,0,0,0,0,2,0,0,0,0,0,0,0,0,0,0,0,0,0,0,0,0,0,0,0,0,0,0,0,0,0,0,0,0,0,0,0,0,0,0,0,0,0,0,0,0,0,0,0,0,0,0,0,0,0,0
13,fine structure of rauscher leukemia virus as revealed by incubation in snake venom,virus,biochemistry,Snake,padgett f levine as,,virology,,1966,30,4,,623,,,10.1016/0042-6822(66)90167-X,16,0.3,0,0,0,0,0,0,0,0,0,0,0,0,0,0,0,0,0,0,0,0,0,0,0,0,0,0,0,0,0,0,0,0,0,0,0,0,0,0,0,0,0,0,0,0,0,0,0,0,0,0,0,0,0,0,0,0,0,0,0,0,0,0,0,0,0,0,1,3,1,0,1,2,0,0,0,0,1,0,1,1,0,0,0,0,0,0,0,0,0,0,0,1,0,2,0,0,0,0,0,1,0,0,0,0,0,0,0,0,0,0,0,0,0,1,0,0,0,0,0
15,action of snake venom on rauscher virus,virus,antimicrobial,Snake,monroe jh shibley gp schidlovsky g nakai t howatson af wivel nw oconnor te,,jnci journal of the national cancer institute,,1968,40,1,,135,+,,,16,0.31,0,0,0,0,0,0,0,0,0,0,0,0,0,0,0,0,0,0,0,0,0,0,0,0,0,0,0,0,0,0,0,0,0,0,0,0,0,0,0,0,0,0,0,0,0,0,0,0,0,0,0,0,0,0,0,0,0,0,0,0,0,0,0,0,0,0,0,0,1,2,0,3,0,0,1,0,1,0,1,0,1,0,0,0,0,0,0,0,0,0,1,2,0,0,0,0,0,0,0,1,0,0,0,1,0,0,0,0,0,0,0,0,0,1,0,0,0,0,0
26,effect of cobra venom factor on the response of wistar furth rats to the gross virus induced c58nt d lymphoma,virus,antimicrobial,Snake,mizoguchi y osler ag,,international archives of allergy and applied immunology,,1979,58,3,,302,312,,10.1159/000232206,1,0.02,0,0,0,0,0,0,0,0,0,0,0,0,0,0,0,0,0,0,0,0,0,0,0,0,0,0,0,0,0,0,0,0,0,0,0,0,0,0,0,0,0,0,0,0,0,0,0,0,0,0,0,0,0,0,0,0,0,0,0,0,0,0,0,0,0,0,0,0,0,0,0,0,0,0,0,0,0,0,0,0,0,0,0,0,0,0,0,0,0,0,0,0,0,0,0,0,0,0,0,0,0,0,1,0,0,0,0,0,0,0,0,0,0,0,0,0,0,0,0
29,amino acid sequence similarity between rabies virus glycoprotein and snake venom curaremimetic neurotoxins,virus,biochemistry,Snake,lentz tl wilson pt hawrot e speicher dw,,science,,1984,226,4676,,847,848,,10.1126/science.6494916,98,2.72,0,0,0,0,0,0,0,0,0,0,0,0,0,0,0,0,0,0,0,0,0,0,0,0,0,0,0,0,0,0,0,0,0,0,0,0,0,0,0,0,0,0,0,0,0,0,0,0,0,0,0,0,0,0,0,0,0,0,0,0,0,0,0,0,0,0,0,0,0,0,0,0,0,0,0,0,0,0,0,0,0,0,0,0,5,5,5,4,2,5,5,2,7,0,0,3,3,3,3,1,5,3,3,2,2,2,1,2,2,1,1,1,6,4,4,1,3,1,1
31,action of cobra venom cardiotoxin on chick embryonal fibroblasts transformed with a temperature sensitive mutant of rous sarcoma virus,virus,recombinant,Snake,kaneda n hamaguchi m kojima k kaneshima h hayashi k,,febs letters,,1985,192,2,,313,316,,10.1016/0014-5793(85)80132-0,13,0.37,0,0,0,0,0,0,0,0,0,0,0,0,0,0,0,0,0,0,0,0,0,0,0,0,0,0,0,0,0,0,0,0,0,0,0,0,0,0,0,0,0,0,0,0,0,0,0,0,0,0,0,0,0,0,0,0,0,0,0,0,0,0,0,0,0,0,0,0,0,0,0,0,0,0,0,0,0,0,0,0,0,0,0,0,0,0,0,2,0,2,0,0,3,1,0,0,1,0,0,0,0,0,1,0,0,0,0,0,0,0,0,0,0,2,0,0,0,1,0
32,effects of cobra venom factor treatment on latent feline leukemia virus infection,virus,antimicrobial,Snake,kraut eh rojko jl olsen rg tuomari dl,,journal of virology,,1985,54,3,,873,875,,,5,0.14,0,0,0,0,0,0,0,0,0,0,0,0,0,0,0,0,0,0,0,0,0,0,0,0,0,0,0,0,0,0,0,0,0,0,0,0,0,0,0,0,0,0,0,0,0,0,0,0,0,0,0,0,0,0,0,0,0,0,0,0,0,0,0,0,0,0,0,0,0,0,0,0,0,0,0,0,0,0,0,0,0,0,0,0,0,0,2,1,0,0,1,0,0,0,0,0,0,0,1,0,0,0,0,0,0,0,0,0,0,0,0,0,0,0,0,0,0,0,0
35,effect of complement depletion by cobra venom factor on fowlpox virus infection in chickens and chicken embryos,virus,antimicrobial,Snake,ohta h yoshikawa y kai c yamanouchi k taniguchi h komine k ishijima y okada h,,journal of virology,FEB,1986,57,2,,670,673,,,10,0.29,0,0,0,0,0,0,0,0,0,0,0,0,0,0,0,0,0,0,0,0,0,0,0,0,0,0,0,0,0,0,0,0,0,0,0,0,0,0,0,0,0,0,0,0,0,0,0,0,0,0,0,0,0,0,0,0,0,0,0,0,0,0,0,0,0,0,0,0,0,0,0,0,0,0,0,0,0,0,0,0,0,0,0,0,0,0,0,2,1,0,2,0,0,0,0,0,1,0,0,0,1,1,0,0,2,0,0,0,0,0,0,0,0,0,0,0,0,0,0
40,sequence homology between hiv gp120 rabies virus glycoprotein and snake venom neurotoxins is the nicotinic acetylcholine receptor an hiv receptor,virus,antimicrobial,Snake,neri p bracci l rustici m santucci a,,archives of virology,,1990,114,4-Mar,,265,269,,10.1007/BF01310756,15,0.5,0,0,0,0,0,0,0,0,0,0,0,0,0,0,0,0,0,0,0,0,0,0,0,0,0,0,0,0,0,0,0,0,0,0,0,0,0,0,0,0,0,0,0,0,0,0,0,0,0,0,0,0,0,0,0,0,0,0,0,0,0,0,0,0,0,0,0,0,0,0,0,0,0,0,0,0,0,0,0,0,0,0,0,0,0,0,0,0,0,0,0,1,2,0,2,0,2,0,0,0,0,0,0,1,0,0,1,0,2,0,1,0,0,0,0,0,2,1,0
46,inhibition of sendai virus by various snake venom,virus,antimicrobial,Snake,borkow g ovadia m,,life sciences,,1992,51,16,,1261,1267,,10.1016/0024-3205(92)90015-H,3,0.11,0,0,0,0,0,0,0,0,0,0,0,0,0,0,0,0,0,0,0,0,0,0,0,0,0,0,0,0,0,0,0,0,0,0,0,0,0,0,0,0,0,0,0,0,0,0,0,0,0,0,0,0,0,0,0,0,0,0,0,0,0,0,0,0,0,0,0,0,0,0,0,0,0,0,0,0,0,0,0,0,0,0,0,0,0,0,0,0,0,0,0,0,0,1,1,0,0,0,1,0,0,0,0,0,0,0,0,0,0,0,0,0,0,0,0,0,0,0,0
47,echinhibin 1 an inhibitor of sendai virus isolated from the venom of the snake echis coloratus,virus,antimicrobial,Snake,borkow g ovadia m,,antiviral research,FEB,1994,23,2,,161,176,,10.1016/0166-3542(94)90042-6,3,0.12,0,0,0,0,0,0,0,0,0,0,0,0,0,0,0,0,0,0,0,0,0,0,0,0,0,0,0,0,0,0,0,0,0,0,0,0,0,0,0,0,0,0,0,0,0,0,0,0,0,0,0,0,0,0,0,0,0,0,0,0,0,0,0,0,0,0,0,0,0,0,0,0,0,0,0,0,0,0,0,0,0,0,0,0,0,0,0,0,0,0,0,0,0,0,0,0,0,1,1,0,0,1,0,0,0,0,0,0,0,0,0,0,0,0,0,0,0,0,0
50,effect of complement consumption by cobra venom factor on the course of primary infection with simian immunodeficiency virus in rhesus monkeys,virus,antimicrobial,Snake,schmitz je lifton ma reimann ka montefiori dc shen l racz p tenner racz k ollert mw forman ma gelman rs vogel cw letvin nl,,aids research and human retroviruses,JAN,1999,15,2,,195,202,,10.1089/088922299311619,9,0.43,0,0,0,0,0,0,0,0,0,0,0,0,0,0,0,0,0,0,0,0,0,0,0,0,0,0,0,0,0,0,0,0,0,0,0,0,0,0,0,0,0,0,0,0,0,0,0,0,0,0,0,0,0,0,0,0,0,0,0,0,0,0,0,0,0,0,0,0,0,0,0,0,0,0,0,0,0,0,0,0,0,0,0,0,0,0,0,0,0,0,0,0,0,0,0,0,0,0,1,0,3,0,2,0,0,1,1,0,1,0,0,0,0,0,0,0,0,0,0
56,inhibitory potential of crotalus durissus terrificus venom on measles virus growth,virus,antimicrobial,Snake,petricevich vl mendonca rz,,toxicon,AUG,2003,42,2,,143,153,,10.1016/S0041-0101(03)00124-7,15,0.88,0,0,0,0,0,0,0,0,0,0,0,0,0,0,0,0,0,0,0,0,0,0,0,0,0,0,0,0,0,0,0,0,0,0,0,0,0,0,0,0,0,0,0,0,0,0,0,0,0,0,0,0,0,0,0,0,0,0,0,0,0,0,0,0,0,0,0,0,0,0,0,0,0,0,0,0,0,0,0,0,0,0,0,0,0,0,0,0,0,0,0,0,0,0,0,0,0,0,0,0,0,0,0,0,0,0,0,0,1,0,2,1,1,2,0,1,3,2,2
63,virus like particles in venom of meteorus pulchricornis induce host hemocyte apoptosis,virus,symbiosis,Wasp,suzuki m tanaka t ,,journal of insect physiology,JUN,2006,52,6,,602,613,,10.1016/j.jinsphys.2006.02.009,42,3,0,0,0,0,0,0,0,0,0,0,0,0,0,0,0,0,0,0,0,0,0,0,0,0,0,0,0,0,0,0,0,0,0,0,0,0,0,0,0,0,0,0,0,0,0,0,0,0,0,0,0,0,0,0,0,0,0,0,0,0,0,0,0,0,0,0,0,0,0,0,0,0,0,0,0,0,0,0,0,0,0,0,0,0,0,0,0,0,0,0,0,0,0,0,0,0,0,0,0,0,0,0,0,0,0,0,1,2,6,4,3,9,3,1,3,2,3,4,1
67,snake venom preparation for drug resistant human immunodeficiency virus,virus,antimicrobial,Snake,alrajhi abdulrahman a almohaizeie abdullah,,annals of saudi medicine,AUG,2008,28,4,,292,293,,,7,0.58,0,0,0,0,0,0,0,0,0,0,0,0,0,0,0,0,0,0,0,0,0,0,0,0,0,0,0,0,0,0,0,0,0,0,0,0,0,0,0,0,0,0,0,0,0,0,0,0,0,0,0,0,0,0,0,0,0,0,0,0,0,0,0,0,0,0,0,0,0,0,0,0,0,0,0,0,0,0,0,0,0,0,0,0,0,0,0,0,0,0,0,0,0,0,0,0,0,0,0,0,0,0,0,0,0,0,0,0,1,0,0,0,0,1,0,0,3,2,0
70,re snake venom preparation for drug resistant human immunodeficiency virus,virus,antimicrobial,Snake,meenakshisundaram ramachandran uma alagappan subramanian ponniah thirumalaikolundu,,annals of saudi medicine,APR,2009,29,2,,159,159,,10.4103/0256-4947.51791,1,0.09,0,0,0,0,0,0,0,0,0,0,0,0,0,0,0,0,0,0,0,0,0,0,0,0,0,0,0,0,0,0,0,0,0,0,0,0,0,0,0,0,0,0,0,0,0,0,0,0,0,0,0,0,0,0,0,0,0,0,0,0,0,0,0,0,0,0,0,0,0,0,0,0,0,0,0,0,0,0,0,0,0,0,0,0,0,0,0,0,0,0,0,0,0,0,0,0,0,0,0,0,0,0,0,0,0,0,0,0,0,0,0,0,0,0,0,0,1,0,0
81,virucidal activity of a scorpion venom peptide variant mucroporin m1 against measles sars cov and influenza h5n1 viruses,virus,antimicrobial,Scorpion,li qiaoli zhao zhenhuan zhou dihan chen yaoqing hong wei cao luyang yang jingyi zhang yan shi wei cao zhijian wu yingliang yan huimin li wenxin,,peptides,JUL,2011,32,7,,1518,1525,,10.1016/j.peptides.2011.05.015,31,3.44,0,0,0,0,0,0,0,0,0,0,0,0,0,0,0,0,0,0,0,0,0,0,0,0,0,0,0,0,0,0,0,0,0,0,0,0,0,0,0,0,0,0,0,0,0,0,0,0,0,0,0,0,0,0,0,0,0,0,0,0,0,0,0,0,0,0,0,0,0,0,0,0,0,0,0,0,0,0,0,0,0,0,0,0,0,0,0,0,0,0,0,0,0,0,0,0,0,0,0,0,0,0,0,0,0,0,0,0,0,0,0,4,4,4,3,5,6,4,1
82,applications of parasitoid virus and venom research in agriculture,virus,antimicrobial,Wasp,pennacchio francesco giordana barbara rao rosa,beckage ne drezen jm,parasitoid viruses symbionts and pathogens,,2012,,,,269,283,,10.1016/B978-0-12-384858-1.00022-9,8,1,0,0,0,0,0,0,0,0,0,0,0,0,0,0,0,0,0,0,0,0,0,0,0,0,0,0,0,0,0,0,0,0,0,0,0,0,0,0,0,0,0,0,0,0,0,0,0,0,0,0,0,0,0,0,0,0,0,0,0,0,0,0,0,0,0,0,0,0,0,0,0,0,0,0,0,0,0,0,0,0,0,0,0,0,0,0,0,0,0,0,0,0,0,0,0,0,0,0,0,0,0,0,0,0,0,0,0,0,0,0,1,0,0,4,1,0,0,1,1
84,diversity of virus like particles in parasitoids venom viral or cellular origin ,virus,symbiosis,Wasp,gatti jean luc schmitz antonin colinet dominique poirie marylene,beckage ne drezen jm,parasitoid viruses symbionts and pathogens,,2012,,,,181,192,,10.1016/B978-0-12-384858-1.00015-1,12,1.5,0,0,0,0,0,0,0,0,0,0,0,0,0,0,0,0,0,0,0,0,0,0,0,0,0,0,0,0,0,0,0,0,0,0,0,0,0,0,0,0,0,0,0,0,0,0,0,0,0,0,0,0,0,0,0,0,0,0,0,0,0,0,0,0,0,0,0,0,0,0,0,0,0,0,0,0,0,0,0,0,0,0,0,0,0,0,0,0,0,0,0,0,0,0,0,0,0,0,0,0,0,0,0,0,0,0,0,0,0,0,0,0,4,3,0,2,1,0,2
96,inhibitory activity and mechanism of two scorpion venom peptides against herpes simplex virus type 1,virus,antimicrobial,Scorpion,hong wei li tian song yu zhang runhong zeng zhengyang han shisong zhang xinzheng wu yingliang li wenxin cao zhijian,,antiviral research,FEB,2014,102,,,1,10,,10.1016/j.antiviral.2013.11.013,27,4.5,0,0,0,0,0,0,0,0,0,0,0,0,0,0,0,0,0,0,0,0,0,0,0,0,0,0,0,0,0,0,0,0,0,0,0,0,0,0,0,0,0,0,0,0,0,0,0,0,0,0,0,0,0,0,0,0,0,0,0,0,0,0,0,0,0,0,0,0,0,0,0,0,0,0,0,0,0,0,0,0,0,0,0,0,0,0,0,0,0,0,0,0,0,0,0,0,0,0,0,0,0,0,0,0,0,0,0,0,0,0,0,0,0,2,7,3,7,6,2
97,phospholipase a 2 isolated from the venom of crotalus durissus terrificus inactivates dengue virus and other enveloped viruses by disrupting the viral envelope,virus,antimicrobial,Snake,muller vanessa danielle soares ricardo oliveira dos santos junior nilton nascimento trabuco amanda cristina cintra adelia cristina figueiredo luiz tadeu caliri antonio sampaio suely vilela aquino victor hugo,,plos one,NOV,2014,9,11,,,,e112351,10.1371/journal.pone.0112351,20,3.33,0,0,0,0,0,0,0,0,0,0,0,0,0,0,0,0,0,0,0,0,0,0,0,0,0,0,0,0,0,0,0,0,0,0,0,0,0,0,0,0,0,0,0,0,0,0,0,0,0,0,0,0,0,0,0,0,0,0,0,0,0,0,0,0,0,0,0,0,0,0,0,0,0,0,0,0,0,0,0,0,0,0,0,0,0,0,0,0,0,0,0,0,0,0,0,0,0,0,0,0,0,0,0,0,0,0,0,0,0,0,0,0,0,1,2,2,6,4,5
98,dengue virus infection of aedes aegypti requires a putative cysteine rich venom protein,virus,biochemistry,Mosquito,londono renteria berlin troupin andrea conway michael j vesely diana ledizet michael roundy christopher m cloherty erin jameson samuel vanlandingham dana higgs stephen fikrig erol colpitts tonya m ,,plos pathogens,OCT,2015,11,10,,,,e1005202,10.1371/journal.ppat.1005202,23,4.6,0,0,0,0,0,0,0,0,0,0,0,0,0,0,0,0,0,0,0,0,0,0,0,0,0,0,0,0,0,0,0,0,0,0,0,0,0,0,0,0,0,0,0,0,0,0,0,0,0,0,0,0,0,0,0,0,0,0,0,0,0,0,0,0,0,0,0,0,0,0,0,0,0,0,0,0,0,0,0,0,0,0,0,0,0,0,0,0,0,0,0,0,0,0,0,0,0,0,0,0,0,0,0,0,0,0,0,0,0,0,0,0,0,0,0,6,8,6,3
101,honeybee apis mellifera venom reinforces viral clearance during the early stage of infection with porcine reproductive and respiratory syndrome virus through the up regulation of th1 specific immune responses,virus,antimicrobial,Bee,lee jin a kim yun mi hyun pung mi jeon jong woon park jin kyu suh guk hyun jung bock gie lee bong joo,,toxins,MAY,2015,7,5,,1837,1853,,10.3390/toxins7051837,5,1,0,0,0,0,0,0,0,0,0,0,0,0,0,0,0,0,0,0,0,0,0,0,0,0,0,0,0,0,0,0,0,0,0,0,0,0,0,0,0,0,0,0,0,0,0,0,0,0,0,0,0,0,0,0,0,0,0,0,0,0,0,0,0,0,0,0,0,0,0,0,0,0,0,0,0,0,0,0,0,0,0,0,0,0,0,0,0,0,0,0,0,0,0,0,0,0,0,0,0,0,0,0,0,0,0,0,0,0,0,0,0,0,0,0,0,3,1,1,0
104,virocidal activity of egyptian scorpion venoms against hepatitis c virus,virus,antimicrobial,Scorpion,el bitar alaa m h sarhan moustafa m h aoki chie takahara yusuke komoto mari deng lin moustafa mohsen a hotta hak,,virology journal,MAR,2015,12,,,,,47,10.1186/s12985-015-0276-6,9,1.8,0,0,0,0,0,0,0,0,0,0,0,0,0,0,0,0,0,0,0,0,0,0,0,0,0,0,0,0,0,0,0,0,0,0,0,0,0,0,0,0,0,0,0,0,0,0,0,0,0,0,0,0,0,0,0,0,0,0,0,0,0,0,0,0,0,0,0,0,0,0,0,0,0,0,0,0,0,0,0,0,0,0,0,0,0,0,0,0,0,0,0,0,0,0,0,0,0,0,0,0,0,0,0,0,0,0,0,0,0,0,0,0,0,0,0,2,2,2,3
105,an alternative inactivant for rift valley fever virus using cobra venom derived l amino oxidase which is related to its immune potential,virus,antimicrobial,Snake,al olayan ebtesam m mohamed aly f el khadraqy manal f shebl rania i yehia hanry m ,,brazilian archives of biology and technology,,2016,59,,,,,e16160044,10.1590/1678-4324-2016160044,0,0,0,0,0,0,0,0,0,0,0,0,0,0,0,0,0,0,0,0,0,0,0,0,0,0,0,0,0,0,0,0,0,0,0,0,0,0,0,0,0,0,0,0,0,0,0,0,0,0,0,0,0,0,0,0,0,0,0,0,0,0,0,0,0,0,0,0,0,0,0,0,0,0,0,0,0,0,0,0,0,0,0,0,0,0,0,0,0,0,0,0,0,0,0,0,0,0,0,0,0,0,0,0,0,0,0,0,0,0,0,0,0,0,0,0,0,0,0,0,0
109,inhibitory effects of bee venom and its components against viruses in vitro and in vivo,virus,antimicrobial,Bee,uddin md bashir lee byeong hoon nikapitiya chamilani kim jae hoon kim tae hwan lee hyun cheol kim choul goo lee jong soo kim chul joong,,journal of microbiology,DEC,2016,54,12,,853,866,,10.1007/s12275-016-6376-1,8,2,0,0,0,0,0,0,0,0,0,0,0,0,0,0,0,0,0,0,0,0,0,0,0,0,0,0,0,0,0,0,0,0,0,0,0,0,0,0,0,0,0,0,0,0,0,0,0,0,0,0,0,0,0,0,0,0,0,0,0,0,0,0,0,0,0,0,0,0,0,0,0,0,0,0,0,0,0,0,0,0,0,0,0,0,0,0,0,0,0,0,0,0,0,0,0,0,0,0,0,0,0,0,0,0,0,0,0,0,0,0,0,0,0,0,0,0,3,2,3
135,snake venom an unbeheld drug for nipah virus a lead from ayurveda,virus,antimicrobial,Snake,mohan preethi,,journal of clinical and diagnostic research,DEC,2018,12,12,,,,,10.7860/JCDR/2018/37928.12367,0,0,0,0,0,0,0,0,0,0,0,0,0,0,0,0,0,0,0,0,0,0,0,0,0,0,0,0,0,0,0,0,0,0,0,0,0,0,0,0,0,0,0,0,0,0,0,0,0,0,0,0,0,0,0,0,0,0,0,0,0,0,0,0,0,0,0,0,0,0,0,0,0,0,0,0,0,0,0,0,0,0,0,0,0,0,0,0,0,0,0,0,0,0,0,0,0,0,0,0,0,0,0,0,0,0,0,0,0,0,0,0,0,0,0,0,0,0,0,0,0
138,antiretroviral activity of pterois volitans red lionfish venom in the early development of human immunodeficiency virus acquired immunodeficiency syndrome antiretroviral alternative source,virus,antimicrobial,Fish,sommeng andy noorsaman arya r muhammad yusuf ginting mikael januardi pratami diah kartika hermansyah heri sahlan muhamad wijanarko anondho,,veterinary world,FEB,2019,12,2,,309,315,,10.14202/vetworld.2019.309-315,0,0,0,0,0,0,0,0,0,0,0,0,0,0,0,0,0,0,0,0,0,0,0,0,0,0,0,0,0,0,0,0,0,0,0,0,0,0,0,0,0,0,0,0,0,0,0,0,0,0,0,0,0,0,0,0,0,0,0,0,0,0,0,0,0,0,0,0,0,0,0,0,0,0,0,0,0,0,0,0,0,0,0,0,0,0,0,0,0,0,0,0,0,0,0,0,0,0,0,0,0,0,0,0,0,0,0,0,0,0,0,0,0,0,0,0,0,0,0,0,0
83,contortrostatin a homodimeric disintegrin isolated from snake venom inhibits herpes simplex virus entry and cell fusion,vrius,antimicrobial,Snake,hubbard stephen choudhary samiksha maus erika shukla deepak swenson stephen markland francis s jr tiwari vaibhav,,antiviral therapy,,2012,17,7,,1319,1326,,10.3851/IMP2291,8,1,0,0,0,0,0,0,0,0,0,0,0,0,0,0,0,0,0,0,0,0,0,0,0,0,0,0,0,0,0,0,0,0,0,0,0,0,0,0,0,0,0,0,0,0,0,0,0,0,0,0,0,0,0,0,0,0,0,0,0,0,0,0,0,0,0,0,0,0,0,0,0,0,0,0,0,0,0,0,0,0,0,0,0,0,0,0,0,0,0,0,0,0,0,0,0,0,0,0,0,0,0,0,0,0,0,0,0,0,0,0,0,0,0,1,1,4,0,2,0
37,synthetic peptides corresponding to sequences of snake venom neurotoxins and rabies virus glycoprotein bind to the nicotinic acetylcholine receptor,virus,biochemistry,Snake,lentz tl hawrot e wilson pt,,proteins structure function and genetics,,1987,2,4,,298,307,,10.1002/prot.340020406,50,1.52,0,0,0,0,0,0,0,0,0,0,0,0,0,0,0,0,0,0,0,0,0,0,0,0,0,0,0,0,0,0,0,0,0,0,0,0,0,0,0,0,0,0,0,0,0,0,0,0,0,0,0,0,0,0,0,0,0,0,0,0,0,0,0,0,0,0,0,0,0,0,0,0,0,0,0,0,0,0,0,0,0,0,0,0,0,0,0,4,4,3,4,1,4,0,1,0,1,0,0,1,1,3,1,1,2,0,1,0,1,2,2,0,2,2,1,0,3,4,1
77,mechanisms of virus resistance and antiviral activity of snake venoms,virus,antimicrobial,Snake,rivero j v r de castro f o f stival a s magalhaes m r carmo filho j r pfrimer i a h ,,journal of venomous animals and toxins including tropical diseases,,2011,17,4,,387,393,,,5,0.56,0,0,0,0,0,0,0,0,0,0,0,0,0,0,0,0,0,0,0,0,0,0,0,0,0,0,0,0,0,0,0,0,0,0,0,0,0,0,0,0,0,0,0,0,0,0,0,0,0,0,0,0,0,0,0,0,0,0,0,0,0,0,0,0,0,0,0,0,0,0,0,0,0,0,0,0,0,0,0,0,0,0,0,0,0,0,0,0,0,0,0,0,0,0,0,0,0,0,0,0,0,0,0,0,0,0,0,0,0,0,0,0,0,0,0,0,2,3,0
92,molecular characterization of lys49 and asp49 phospholipases a 2 from snake venom and their antiviral activities against dengue virus,virus,antimicrobial,Snake,cecilio alzira b caldas sergio de oliveira raiana a santos arthur s b richardson michael naumann gustavo b schneider francisco s alvarenga valeria g estevao costa maria i fuly andre l eble johannes a sanchez eladio f ,,toxins,OCT,2013,5,10,,1780,1798,,10.3390/toxins5101780,13,1.86,0,0,0,0,0,0,0,0,0,0,0,0,0,0,0,0,0,0,0,0,0,0,0,0,0,0,0,0,0,0,0,0,0,0,0,0,0,0,0,0,0,0,0,0,0,0,0,0,0,0,0,0,0,0,0,0,0,0,0,0,0,0,0,0,0,0,0,0,0,0,0,0,0,0,0,0,0,0,0,0,0,0,0,0,0,0,0,0,0,0,0,0,0,0,0,0,0,0,0,0,0,0,0,0,0,0,0,0,0,0,0,0,0,1,1,2,3,4,2
112,the spider venom peptide lycosin ii has potent antimicrobial activity against clinically isolated bacteria,bacteria,antimicrobial,Spider,wang yongjun wang ling yang huali xiao haoliang farooq athar liu zhonghua hu min shi xiaoliu,,toxins,MAY,2016,8,5,,,,119,10.3390/toxins8050119,13,3.25,0,0,0,0,0,0,0,0,0,0,0,0,0,0,0,0,0,0,0,0,0,0,0,0,0,0,0,0,0,0,0,0,0,0,0,0,0,0,0,0,0,0,0,0,0,0,0,0,0,0,0,0,0,0,0,0,0,0,0,0,0,0,0,0,0,0,0,0,0,0,0,0,0,0,0,0,0,0,0,0,0,0,0,0,0,0,0,0,0,0,0,0,0,0,0,0,0,0,0,0,0,0,0,0,0,0,0,0,0,0,0,0,0,0,0,1,4,7,1
121,macropis fulvipes venom component macropin exerts its antibacterial and anti biofilm properties by damaging the plasma membranes of drug resistant bacteria,bacteria,antimicrobial,Bee,ko su jin kim min kyung bang jeong kyu seo chang ho luchian tudor park yoonkyung,,scientific reports,NOV,2017,7,,,,,16580,10.1038/s41598-017-16784-6,1,0.33,0,0,0,0,0,0,0,0,0,0,0,0,0,0,0,0,0,0,0,0,0,0,0,0,0,0,0,0,0,0,0,0,0,0,0,0,0,0,0,0,0,0,0,0,0,0,0,0,0,0,0,0,0,0,0,0,0,0,0,0,0,0,0,0,0,0,0,0,0,0,0,0,0,0,0,0,0,0,0,0,0,0,0,0,0,0,0,0,0,0,0,0,0,0,0,0,0,0,0,0,0,0,0,0,0,0,0,0,0,0,0,0,0,0,0,0,0,1,0
123,synthetic secapin bee venom peptide exerts an anti microbial effect but not a cytotoxic or inflammatory response,bacteria,antimicrobial,Bee,kim bo yeon lee kwang sik ok min jin byung rae,,journal of asia pacific entomology,MAR,2017,20,1,,151,155,,10.1016/j.aspen.2016.12.009,3,1,0,0,0,0,0,0,0,0,0,0,0,0,0,0,0,0,0,0,0,0,0,0,0,0,0,0,0,0,0,0,0,0,0,0,0,0,0,0,0,0,0,0,0,0,0,0,0,0,0,0,0,0,0,0,0,0,0,0,0,0,0,0,0,0,0,0,0,0,0,0,0,0,0,0,0,0,0,0,0,0,0,0,0,0,0,0,0,0,0,0,0,0,0,0,0,0,0,0,0,0,0,0,0,0,0,0,0,0,0,0,0,0,0,0,0,0,0,1,2
124,toxin fused with sumo tag a new expression vector strategy to obtain recombinant venom toxins with easy tag removal inside the bacteria,bacteria,recombinant,Multiple,shimokawa falcao lhiri h a l caporrino maria c barbaro katia c della casa maisa s magalhaes geraldo s ,,toxins,MAR,2017,9,3,,,,82,10.3390/toxins9030082,5,1.67,0,0,0,0,0,0,0,0,0,0,0,0,0,0,0,0,0,0,0,0,0,0,0,0,0,0,0,0,0,0,0,0,0,0,0,0,0,0,0,0,0,0,0,0,0,0,0,0,0,0,0,0,0,0,0,0,0,0,0,0,0,0,0,0,0,0,0,0,0,0,0,0,0,0,0,0,0,0,0,0,0,0,0,0,0,0,0,0,0,0,0,0,0,0,0,0,0,0,0,0,0,0,0,0,0,0,0,0,0,0,0,0,0,0,0,0,0,4,1
129,mechanisms of bacterial membrane permeabilization by crotalicidin ctn and its fragment ctn 15 34 antimicrobial peptides from rattlesnake venom,bacteria,antimicrobial,Snake,perez peinado clara dias susana almeida domingues marco m benfield aurelie h freire joao miguel radis baptista gandhi gaspar diana castanho miguel a r b craik david j henriques sonia troeira veiga ana salome andreu david,,journal of biological chemistry,FEB,2018,293,5,,1536,1549,,10.1074/jbc.RA117.000125,7,3.5,0,0,0,0,0,0,0,0,0,0,0,0,0,0,0,0,0,0,0,0,0,0,0,0,0,0,0,0,0,0,0,0,0,0,0,0,0,0,0,0,0,0,0,0,0,0,0,0,0,0,0,0,0,0,0,0,0,0,0,0,0,0,0,0,0,0,0,0,0,0,0,0,0,0,0,0,0,0,0,0,0,0,0,0,0,0,0,0,0,0,0,0,0,0,0,0,0,0,0,0,0,0,0,0,0,0,0,0,0,0,0,0,0,0,0,0,0,4,3
132,nasal delivery of chitosan alginate nanoparticle encapsulated bee apis mellifera venom promotes antibody production and viral clearance during porcine reproductive and respiratory syndrome virus infection by modulating t cell related responses,virus,antimicrobial,Bee,lee jina kim yun mi kim ju heon cho cheong weon jeon jong woon park jin kyu lee sang ho jung bock gie lee bong joo,,veterinary immunology and immunopathology,JUN,2018,200,,,40,51,,10.1016/j.vetimm.2018.04.006,0,0,0,0,0,0,0,0,0,0,0,0,0,0,0,0,0,0,0,0,0,0,0,0,0,0,0,0,0,0,0,0,0,0,0,0,0,0,0,0,0,0,0,0,0,0,0,0,0,0,0,0,0,0,0,0,0,0,0,0,0,0,0,0,0,0,0,0,0,0,0,0,0,0,0,0,0,0,0,0,0,0,0,0,0,0,0,0,0,0,0,0,0,0,0,0,0,0,0,0,0,0,0,0,0,0,0,0,0,0,0,0,0,0,0,0,0,0,0,0,0
133,next generation sequencing analysis reveals high bacterial diversity in wild venomous and non venomous snakes from india ,bacteria,symbiosis,Snake,krishnankutty sajesh puthenpurackal muraleedharan megha perumal rajadurai chinnasamy michael saju benny jubina balan bipin kumar pramod manazhi jishnu kumar bangaruswamy dhinoth santhosh sam thomas george gupta ravi zachariah arun,,journal of venomous animals and toxins including tropical diseases,DEC,2018,24,,,,,41,10.1186/s40409-018-0181-8,0,0,0,0,0,0,0,0,0,0,0,0,0,0,0,0,0,0,0,0,0,0,0,0,0,0,0,0,0,0,0,0,0,0,0,0,0,0,0,0,0,0,0,0,0,0,0,0,0,0,0,0,0,0,0,0,0,0,0,0,0,0,0,0,0,0,0,0,0,0,0,0,0,0,0,0,0,0,0,0,0,0,0,0,0,0,0,0,0,0,0,0,0,0,0,0,0,0,0,0,0,0,0,0,0,0,0,0,0,0,0,0,0,0,0,0,0,0,0,0,0
136,therapeutic potential of a scorpion venom derived antimicrobial peptide and its homologs against antibiotic resistant gram positive bacteria,bacteria,antimicrobial,Scorpion,liu gaomin yang fan li fangfang li zhongjie lang yange shen bingzheng wu yingliang li wenxin harrison patrick l strong peter n xie yingqiu miller keith cao zhijian,,frontiers in microbiology,MAY,2018,9,,,,,1159,10.3389/fmicb.2018.01159,1,0.5,0,0,0,0,0,0,0,0,0,0,0,0,0,0,0,0,0,0,0,0,0,0,0,0,0,0,0,0,0,0,0,0,0,0,0,0,0,0,0,0,0,0,0,0,0,0,0,0,0,0,0,0,0,0,0,0,0,0,0,0,0,0,0,0,0,0,0,0,0,0,0,0,0,0,0,0,0,0,0,0,0,0,0,0,0,0,0,0,0,0,0,0,0,0,0,0,0,0,0,0,0,0,0,0,0,0,0,0,0,0,0,0,0,0,0,0,0,0,1